{
  "timestamp": "2026-04-23T01:14:46.400457Z",
  "total_value": 100000.0,
  "weights": {
    "SPY": 0.0,
    "QQQ": 0.0,
    "IWM": 0.0,
    "DIA": 0.0,
    "MDY": 0.0,
    "VTI": 0.0,
    "VOO": 0.0,
    "VTV": 0.0,
    "VUG": 0.0,
    "VNQ": 0.0,
    "XLK": 0.0,
    "XLF": 0.0,
    "XLV": 0.0,
    "XLE": 0.0,
    "XLY": 0.0,
    "XLP": 0.0,
    "XLI": 0.0,
    "XLB": 0.0,
    "XLU": 0.0,
    "XLRE": 0.0,
    "XLC": 0.0,
    "GDX": 0.0,
    "GLD": 0.0,
    "SLV": 0.0,
    "USO": 0.09013677119209426,
    "UNG": 0.0,
    "TLT": 0.0,
    "IEF": 0.07639837987156083,
    "SHY": 0.0,
    "HYG": 0.0,
    "LQD": 0.0,
    "BND": 0.0,
    "AGG": 0.0,
    "AAPL": 0.0,
    "MSFT": 0.0,
    "NVDA": 0.006683895698435207,
    "GOOGL": 0.08763985897867173,
    "GOOG": 2.8455601501388253e-11,
    "META": 0.0,
    "AMZN": 0.0,
    "TSLA": 3.5059923312005575e-14,
    "BRK-B": 0.0,
    "AMD": 0.0,
    "AVGO": 0.00492167659491591,
    "ORCL": 1.1966077019330826e-14,
    "INTC": 0.0,
    "QCOM": 6.036611633630676e-14,
    "TXN": 0.0,
    "MU": 0.042087103632099485,
    "ADI": 0.0,
    "AMAT": 0.0,
    "LRCX": 0.0028083186731616013,
    "KLAC": 0.0,
    "ASML": 0.0,
    "TSM": 0.0,
    "MCHP": 1.3509939338820631e-14,
    "MPWR": 0.0,
    "ENPH": 9.390765599061367e-14,
    "FSLR": 3.0126507359839916e-14,
    "SEDG": 0.0,
    "RUN": 6.653857660227511e-14,
    "PLUG": 0.0,
    "CRM": 5.290479744078081e-15,
    "ADBE": 0.0,
    "NOW": 3.549437919239789e-14,
    "INTU": 0.0,
    "CDNS": 5.401953972345966e-15,
    "SNPS": 2.981983785140238e-14,
    "CTSH": 2.8244033125483474e-15,
    "EPAM": 3.2472817722262665e-14,
    "PLTR": 3.192545239110523e-14,
    "CRWD": 2.950913753301568e-15,
    "NET": 0.0,
    "SNOW": 5.989667094474484e-15,
    "DDOG": 0.0,
    "PANW": 0.0,
    "ZS": 1.1477181303738353e-14,
    "FTNT": 1.069888620684686e-14,
    "OKTA": 2.5165328969077508e-14,
    "TWLO": 0.009462966895047347,
    "MDB": 0.0,
    "HUBS": 1.0262682739979453e-13,
    "VEEV": 1.0558604982704499e-14,
    "WDAY": 2.22217358812107e-14,
    "ZM": 0.0,
    "DOCU": 4.401413445993449e-14,
    "DT": 0.0,
    "AI": 2.647417811774302e-13,
    "JPM": 0.0,
    "BAC": 0.0,
    "GS": 0.0,
    "MS": 0.0,
    "V": 0.0,
    "MA": 0.0,
    "C": 0.06859731414926258,
    "WFC": 0.0,
    "AXP": 0.0,
    "BLK": 0.0,
    "SCHW": 0.0,
    "CB": 0.014326646375677729,
    "AON": 0.0,
    "TRV": 0.0,
    "PGR": 0.0,
    "ALL": 0.021415707183062887,
    "MET": 0.0,
    "PRU": 3.402784259541326e-15,
    "HIG": 0.0,
    "SOFI": 2.185261050291081e-14,
    "AFRM": 0.0,
    "UPST": 1.4325631792085287e-13,
    "NU": 2.6330834502243102e-14,
    "COIN": 1.6992805489848798e-13,
    "HOOD": 4.676913944989975e-14,
    "PYPL": 1.8831412384085506e-14,
    "JNJ": 0.09013677119209426,
    "UNH": 1.1243406236979696e-14,
    "LLY": 0.0,
    "ABBV": 0.0,
    "PFE": 0.0,
    "MRK": 0.0,
    "TMO": 0.0,
    "DHR": 2.5745537289412467e-14,
    "ABT": 0.0,
    "AMGN": 0.0,
    "GILD": 0.0,
    "BIIB": 0.0,
    "REGN": 0.0,
    "VRTX": 3.4976771714731444e-14,
    "ISRG": 3.210184348739304e-16,
    "SYK": 0.0,
    "BSX": 4.714054109410433e-14,
    "MDT": 0.0,
    "MRNA": 6.770715594619554e-14,
    "BNTX": 8.122233181496216e-14,
    "NVAX": 1.1357807431891176e-13,
    "CVS": 0.0,
    "HUM": 9.958450106489898e-15,
    "ELV": 2.0040708732821095e-14,
    "CNC": 4.413540331872937e-14,
    "CI": 0.0,
    "XOM": 0.0,
    "CVX": 0.0,
    "COP": 0.0,
    "SLB": 0.0,
    "EOG": 0.0,
    "MPC": 0.0,
    "VLO": 0.04145149793096644,
    "PSX": 0.0,
    "OXY": 0.0,
    "HAL": 0.0,
    "BKR": 0.0,
    "DVN": 0.0,
    "FANG": 0.0,
    "APA": 0.0007110917808717515,
    "BP": 0.0,
    "SHEL": 0.0,
    "TTE": 0.010121178155020286,
    "ENB": 0.029266288508761153,
    "HD": 0.0,
    "WMT": 0.07728102490909416,
    "COST": 0.0,
    "MCD": 0.0,
    "NKE": 3.3039447170966734e-14,
    "SBUX": 0.0,
    "TGT": 0.0,
    "LOW": 0.0,
    "BKNG": 0.0,
    "ABNB": 0.0,
    "TJX": 0.0,
    "ROST": 0.0,
    "DLTR": 0.0,
    "DG": 3.0920067880728504e-13,
    "YUM": 0.0,
    "CMG": 3.535300481864902e-14,
    "DPZ": 8.782127118489045e-15,
    "QSR": 0.001698797540070975,
    "GM": 0.0,
    "F": 0.0,
    "RIVN": 2.5121898966742618e-14,
    "LCID": 3.2220445996321915e-13,
    "NIO": 0.0,
    "XPEV": 6.474785041754761e-14,
    "LI": 4.099182704906675e-14,
    "PG": 0.0,
    "KO": 0.0,
    "PEP": 0.0,
    "PM": 0.0,
    "MO": 0.08271603486774659,
    "CL": 0.0,
    "EL": 3.3729251977250224e-14,
    "CHD": 0.0,
    "CLX": 2.2303707013877993e-14,
    "GIS": 0.0,
    "GE": 0.0,
    "CAT": 0.024275730817485203,
    "DE": 0.0,
    "HON": 0.0,
    "UNP": 0.0,
    "UPS": 0.0,
    "FDX": 0.0,
    "LMT": 0.0,
    "RTX": 0.0,
    "NOC": 0.0,
    "GD": 0.0,
    "BA": 0.0,
    "MMM": 0.0,
    "EMR": 0.0,
    "ETN": 2.1246746757005525e-15,
    "PH": 0.0,
    "ROK": 0.0,
    "ITW": 0.0,
    "IR": 3.416252689408322e-14,
    "DOV": 0.0,
    "WM": 0.0,
    "LIN": 0.0,
    "APD": 0.0,
    "SHW": 0.0,
    "FCX": 0.0,
    "NEM": 2.9664366425241073e-12,
    "NUE": 0.0,
    "VMC": 0.0,
    "MLM": 0.0,
    "ALB": 0.011809509640264646,
    "MOS": 4.0263516131163595e-14,
    "NEE": 0.0,
    "DUK": 0.0,
    "SO": 0.0,
    "D": 0.0,
    "AEP": 0.019896852568060737,
    "EXC": 0.0,
    "XEL": 0.0,
    "WEC": 0.0,
    "ES": 0.0,
    "ETR": 0.0,
    "AWK": 0.0,
    "O": 0.0,
    "SPG": 0.0,
    "PLD": 0.0,
    "AMT": 0.0,
    "CCI": 0.0,
    "EQIX": 0.0,
    "DLR": 0.0,
    "PSA": 0.0,
    "EQR": 0.0,
    "AVB": 0.0,
    "NFLX": 0.0,
    "DIS": 0.0,
    "CMCSA": 0.0,
    "T": 0.01609448809075963,
    "VZ": 0.022001945769504323,
    "TMUS": 0.0,
    "CHTR": 1.6845128805687115e-14,
    "WBD": 0.05006643726808892,
    "EWJ": 0.0,
    "EWG": 0.0,
    "EWQ": 0.0,
    "EWU": 0.0,
    "EWL": 0.0,
    "EWI": 0.0,
    "EWP": 0.0,
    "EWN": 0.0,
    "EWD": 0.0,
    "FXI": 0.0,
    "KWEB": 4.393526821761192e-14,
    "EWT": 0.0,
    "EWY": 0.03225137744940415,
    "EWA": 0.0,
    "EWH": 0.0,
    "EWS": 0.0,
    "EPI": 0.0,
    "INDA": 0.0,
    "EWZ": 0.0,
    "EWC": 0.0,
    "EWW": 0.0,
    "EZA": 0.0,
    "EEM": 0.0,
    "VEA": 0.0,
    "VWO": 0.0,
    "IEFA": 0.0,
    "IEMG": 0.0,
    "ACWI": 0.0,
    "KSA": 0.0,
    "UAE": 0.0,
    "AFK": 0.0,
    "EWM": 0.0,
    "BABA": 3.0456818113001354e-14,
    "JD": 3.0722494321461336e-14,
    "PDD": 2.4887318437590644e-14,
    "NTES": 0.0,
    "TCEHY": 1.9070092610459703e-14,
    "BIDU": 1.8290287027074456e-14,
    "BILI": 4.5536102528222514e-14,
    "TME": 5.975204613526744e-14,
    "IQ": 1.0251231969978233e-13,
    "HUYA": 0.0,
    "DOYU": 8.021638516953931e-14,
    "VNET": 1.185613428164794e-13,
    "GDS": 2.7588648956016425e-14,
    "BEKE": 5.505789091870148e-14,
    "GRAB": 7.622695121895048e-14,
    "SEA": 0.0,
    "SHOP": 2.279941998376543e-14,
    "MELI": 1.96991750964072e-14,
    "VALE": 0.0,
    "PBR": 0.0,
    "ITUB": 0.0,
    "BBD": 0.0,
    "GLOB": 1.267965209466252e-13,
    "VTEX": 5.6794448819303796e-14,
    "ARCO": 0.0,
    "TS": 0.0,
    "LOMA": 4.257738182662219e-14,
    "MARA": 2.8528459139432603e-13,
    "RIOT": 1.4221340221316005e-13,
    "IBIT": 1.17461757074429e-13,
    "GBTC": 1.197020559882593e-13,
    "FBTC": 1.1675593149341811e-13,
    "BTCO": 1.165326243197418e-13,
    "ARKB": 1.1765128208775116e-13,
    "HUT": 3.8861556324763245e-12,
    "BITF": 1.4966178693791183e-13,
    "CLSK": 2.4674058086896367e-13,
    "CIFR": 6.840511811220207e-12,
    "IREN": 0.004780611506829069,
    "CORZ": 0.0,
    "RXRX": 2.7396131297582744e-13,
    "BEAM": 1.044675484500419e-13,
    "EDIT": 1.1312992815400601e-13,
    "CRSP": 6.449429485623075e-14,
    "FATE": 1.464189778441669e-13,
    "ACAD": 0.0,
    "ALNY": 0.0,
    "IONS": 0.020622231891529258,
    "EXEL": 0.0,
    "FOLD": 0.007353528711612627,
    "RARE": 1.3441599334561557e-13,
    "ARWR": 0.0329859619874927,
    "CLOV": 9.831111750439325e-14,
    "HERO": 0.0,
    "OPEN": 7.695061941266993e-12,
    "SKLZ": 1.4644501563777225e-13,
    "DKNG": 6.158758524951099e-14,
    "PENN": 2.092535790129755e-14,