{
  "timestamp": "2026-04-22T20:41:43.173065Z",
  "total_value": 100000.0,
  "weights": {
    "SPY": 0.0,
    "QQQ": 0.0,
    "IWM": 0.0,
    "DIA": 0.0,
    "MDY": 0.0,
    "VTI": 0.0,
    "VOO": 0.0,
    "VTV": 0.0,
    "VUG": 0.0,
    "VNQ": 0.0,
    "XLK": 0.0,
    "XLF": 0.0,
    "XLV": 0.0,
    "XLE": 0.0,
    "XLY": 0.0,
    "XLP": 0.0,
    "XLI": 0.0,
    "XLB": 0.0,
    "XLU": 0.0,
    "XLRE": 0.0,
    "XLC": 0.0,
    "GDX": 0.0,
    "GLD": 0.0,
    "SLV": 0.0,
    "USO": 0.08767093366091683,
    "UNG": 0.0,
    "TLT": 0.0,
    "IEF": 0.08432491035648915,
    "SHY": 0.0,
    "HYG": 0.0,
    "LQD": 0.0,
    "BND": 0.0,
    "AGG": 0.0,
    "AAPL": 0.0,
    "MSFT": 0.0,
    "NVDA": 0.022337770731548807,
    "GOOGL": 0.07428123392030583,
    "GOOG": 3.2440140910423727e-12,
    "META": 0.0,
    "AMZN": 0.0,
    "TSLA": 6.463186532633937e-15,
    "BRK-B": 0.0,
    "AMD": 0.0,
    "AVGO": 0.003256443967382393,
    "ORCL": 4.906247862368933e-15,
    "INTC": 0.0,
    "QCOM": 1.4866281160121117e-14,
    "TXN": 0.0,
    "MU": 0.03658646757806063,
    "ADI": 0.0,
    "AMAT": 0.0,
    "LRCX": 0.008880958260512046,
    "KLAC": 0.0,
    "ASML": 0.0,
    "TSM": 0.0,
    "MCHP": 0.0,
    "MPWR": 0.0,
    "ENPH": 2.396558762365546e-14,
    "FSLR": 6.013243554284379e-15,
    "SEDG": 1.0647982346501281e-16,
    "RUN": 1.4866768814481623e-14,
    "PLUG": 0.0,
    "CRM": 0.0,
    "ADBE": 0.0,
    "NOW": 6.2906336938154515e-15,
    "INTU": 0.0,
    "CDNS": 2.642922009417216e-15,
    "SNPS": 4.569941507586219e-15,
    "CTSH": 0.0,
    "EPAM": 4.6722457450151904e-15,
    "PLTR": 7.429434070396962e-15,
    "CRWD": 0.0,
    "NET": 0.0,
    "SNOW": 0.0,
    "DDOG": 0.0,
    "PANW": 0.0,
    "ZS": 1.2270372825642326e-15,
    "FTNT": 2.3175434977598405e-15,
    "OKTA": 5.100910068609207e-15,
    "TWLO": 0.01558901808215672,
    "MDB": 0.0,
    "HUBS": 2.0161338884518988e-14,
    "VEEV": 1.8578203384453668e-15,
    "WDAY": 3.7000034392845185e-15,
    "ZM": 0.0,
    "DOCU": 7.969808092554117e-15,
    "DT": 0.0,
    "AI": 5.787460223682638e-14,
    "JPM": 0.0,
    "BAC": 0.0,
    "GS": 0.0,
    "MS": 0.0,
    "V": 0.0,
    "MA": 0.0,
    "C": 0.0458966589842516,
    "WFC": 0.0,
    "AXP": 0.0,
    "BLK": 0.0,
    "SCHW": 0.0,
    "CB": 0.03908325517880203,
    "AON": 0.0,
    "TRV": 0.0,
    "PGR": 0.0,
    "ALL": 0.01841123809724122,
    "MET": 0.0,
    "PRU": 0.0,
    "HIG": 0.0,
    "SOFI": 6.306012386382831e-15,
    "AFRM": 0.0,
    "UPST": 3.2440994768085713e-14,
    "NU": 4.487720698037699e-15,
    "COIN": 3.090716685239858e-14,
    "HOOD": 6.4782464855526e-15,
    "PYPL": 2.5821066482775174e-15,
    "JNJ": 0.08767093366091683,
    "UNH": 5.010446637420531e-15,
    "LLY": 0.0,
    "ABBV": 0.0,
    "PFE": 0.0,
    "MRK": 0.0,
    "TMO": 5.441321156650193e-16,
    "DHR": 7.652504026836991e-15,
    "ABT": 1.193877863222068e-15,
    "AMGN": 0.0,
    "GILD": 0.0,
    "BIIB": 0.0,
    "REGN": 0.0,
    "VRTX": 7.697613799716722e-15,
    "ISRG": 0.0,
    "SYK": 0.0,
    "BSX": 7.214191566004066e-15,
    "MDT": 0.0,
    "MRNA": 1.6197909064112178e-14,
    "BNTX": 1.8777768488601254e-14,
    "NVAX": 3.272027141521481e-14,
    "CVS": 0.0,
    "HUM": 2.9698585899505202e-15,
    "ELV": 4.8645057377950184e-15,
    "CNC": 1.0456496834586466e-14,
    "CI": 0.0,
    "XOM": 0.0,
    "CVX": 0.0,
    "COP": 0.0,
    "SLB": 0.0,
    "EOG": 0.0,
    "MPC": 0.0,
    "VLO": 0.03200346414507542,
    "PSX": 0.0,
    "OXY": 0.0,
    "HAL": 0.0,
    "BKR": 0.0,
    "DVN": 0.0,
    "FANG": 0.0,
    "APA": 0.002652392491858569,
    "BP": 0.0,
    "SHEL": 0.0,
    "TTE": 0.013555192794782884,
    "ENB": 0.03166960720538071,
    "HD": 0.0,
    "WMT": 0.07782180771788823,
    "COST": 0.0,
    "MCD": 0.0,
    "NKE": 6.884013519899841e-15,
    "SBUX": 0.0,
    "TGT": 0.0,
    "LOW": 0.0,
    "BKNG": 0.0,
    "ABNB": 0.0,
    "TJX": 0.0,
    "ROST": 0.0,
    "DLTR": 0.0,
    "DG": 0.0,
    "YUM": 0.0,
    "CMG": 1.0233888716052191e-14,
    "DPZ": 2.489918488788592e-15,
    "QSR": 0.0,
    "GM": 0.007964639600892776,
    "F": 0.0,
    "RIVN": 1.9648170889591868e-15,
    "LCID": 6.72064830317163e-14,
    "NIO": 0.0,
    "XPEV": 1.7050516050469695e-14,
    "LI": 5.460156122226049e-15,
    "PG": 0.0,
    "KO": 0.0,
    "PEP": 0.0,
    "PM": 0.0,
    "MO": 0.08525948449054295,
    "CL": 0.0,
    "EL": 7.83195217466544e-15,
    "CHD": 0.0,
    "CLX": 6.2370989157870305e-15,
    "GIS": 3.347845598281e-16,
    "GE": 0.0,
    "CAT": 0.020361548239324255,
    "DE": 0.0,
    "HON": 0.0,
    "UNP": 0.0,
    "UPS": 0.0,
    "FDX": 0.0,
    "LMT": 0.0,
    "RTX": 0.0,
    "NOC": 0.0,
    "GD": 0.0,
    "BA": 0.0,
    "MMM": 0.0,
    "EMR": 0.0,
    "ETN": 0.0,
    "PH": 0.0,
    "ROK": 0.0,
    "ITW": 0.0,
    "IR": 6.634472016057495e-15,
    "DOV": 0.0,
    "WM": 0.0,
    "LIN": 0.0,
    "APD": 0.0,
    "SHW": 0.0,
    "FCX": 2.928891369168709e-15,
    "NEM": 2.820187508667738e-13,
    "NUE": 0.002223891490850651,
    "VMC": 0.0,
    "MLM": 0.0,
    "ALB": 0.010220048210855762,
    "MOS": 1.07986102219841e-14,
    "NEE": 0.0,
    "DUK": 0.0,
    "SO": 0.0,
    "D": 0.0,
    "AEP": 0.013801880426103464,
    "EXC": 0.0,
    "XEL": 0.0,
    "WEC": 0.0,
    "ES": 0.0,
    "ETR": 0.0,
    "AWK": 0.0,
    "O": 0.0,
    "SPG": 0.0,
    "PLD": 0.0,
    "AMT": 0.0,
    "CCI": 0.0,
    "EQIX": 0.0,
    "DLR": 0.0,
    "PSA": 0.0,
    "EQR": 0.0,
    "AVB": 2.6076652226815766e-16,
    "NFLX": 0.0,
    "DIS": 0.0,
    "CMCSA": 0.0,
    "T": 0.015712714738315803,
    "VZ": 0.013764559277032032,
    "TMUS": 0.0,
    "CHTR": 6.1446060968716334e-15,
    "WBD": 0.037086452684795,
    "EWJ": 0.0,
    "EWG": 0.0,
    "EWQ": 0.0,
    "EWU": 0.0,
    "EWL": 0.0,
    "EWI": 0.0,
    "EWP": 0.0,
    "EWN": 0.0,
    "EWD": 0.0,
    "FXI": 0.0,
    "KWEB": 9.232562799675835e-15,
    "EWT": 0.0,
    "EWY": 0.0319897276393683,
    "EWA": 0.0,
    "EWH": 0.0,
    "EWS": 0.0,
    "EPI": 0.0,
    "INDA": 0.0,
    "EWZ": 0.0,
    "EWC": 0.0,
    "EWW": 0.0,
    "EZA": 0.0,
    "EEM": 0.0,
    "VEA": 0.0,
    "VWO": 0.0,
    "IEFA": 0.0,
    "IEMG": 0.0,
    "ACWI": 0.0,
    "KSA": 0.0,
    "UAE": 0.0,
    "AFK": 0.0,
    "EWM": 0.0,
    "BABA": 5.80634003932885e-15,
    "JD": 6.5085937020872735e-15,
    "PDD": 3.974420367605584e-15,
    "NTES": 0.0,
    "TCEHY": 4.155165428305921e-15,
    "BIDU": 4.20584445760017e-15,
    "BILI": 9.611321335456969e-15,
    "TME": 1.5217774096706588e-14,
    "IQ": 2.332805841124728e-14,
    "HUYA": 0.0,
    "DOYU": 1.774031858508216e-14,
    "VNET": 2.950141816935804e-14,
    "GDS": 7.868780649373604e-15,
    "BEKE": 1.0272080138988929e-14,
    "GRAB": 1.7738144530068877e-14,
    "SEA": 0.0,
    "SHOP": 3.3555660651759212e-15,
    "MELI": 3.0199249810778367e-15,
    "VALE": 0.0,
    "PBR": 4.857735767771265e-14,
    "ITUB": 0.0,
    "BBD": 0.0,
    "GLOB": 2.5199538249102146e-14,
    "VTEX": 1.3069005148870975e-14,
    "ARCO": 0.0,
    "TS": 0.0,
    "LOMA": 7.716913221321299e-15,
    "MARA": 6.173003934844697e-14,
    "RIOT": 3.0990350471304067e-14,
    "IBIT": 2.3877411706803673e-14,
    "GBTC": 2.4422036185542415e-14,
    "FBTC": 2.3504946687027785e-14,
    "BTCO": 2.2572998298623862e-14,
    "ARKB": 2.3968594875764708e-14,
    "HUT": 3.543863213089876e-13,
    "BITF": 0.021483669427950984,
    "CLSK": 5.935947722162638e-14,
    "CIFR": 3.8297825835585896e-13,
    "IREN": 0.0007098193472568308,
    "CORZ": 0.0,
    "RXRX": 6.12717526413858e-14,
    "BEAM": 2.3895459699135593e-14,
    "EDIT": 1.8369751517562794e-14,
    "CRSP": 1.378655413772323e-14,
    "FATE": 3.3980226528788315e-14,
    "ACAD": 0.0,
    "ALNY": 0.0,
    "IONS": 0.022882688959300495,
    "EXEL": 0.0,
    "FOLD": 0.00790234913436592,
    "RARE": 3.260968894567143e-14,
    "ARWR": 0.026944239383370452,
    "CLOV": 2.5425037122622817e-14,
    "HERO": 0.0,
    "OPEN": 6.050764932759264e-13,
    "SKLZ": 3.492724933101539e-14,
    "DKNG": 1.406413382216074e-14,
    "PENN": 5.607251642884413e-15,
    "BYND": 1.521805599876798e-14,