{
  "timestamp": "2026-04-23T16:05:38.156393Z",
  "total_value": 100000.0,
  "weights": {
    "SPY": 2.713748793412964e-14,
    "QQQ": 8.782621325127839e-15,
    "IWM": 2.7427656633774135e-15,
    "DIA": 1.2020445820533537e-14,
    "MDY": 5.920714299573352e-15,
    "VTI": 1.0721774779278006e-14,
    "VOO": 8.500364258069598e-15,
    "VTV": 1.4127126326081577e-14,
    "VUG": 1.0740970731266024e-14,
    "VNQ": 1.337567805532923e-14,
    "XLK": 7.906155917356816e-15,
    "XLF": 9.174744558079502e-15,
    "XLV": 5.264685819584198e-15,
    "XLE": 1.6200510912312853e-14,
    "XLY": 4.781832977231962e-15,
    "XLP": 1.450775503474578e-14,
    "XLI": 1.15010079990584e-14,
    "XLB": 7.121314889125168e-15,
    "XLU": 1.6042553190887257e-14,
    "XLRE": 1.1551794093088885e-14,
    "XLC": 1.4371251227529512e-14,
    "GDX": 1.7951117225495296e-14,
    "GLD": 1.823157699268481e-14,
    "SLV": 9.114529741279673e-15,
    "USO": 0.08773989968933009,
    "UNG": 7.339677755123946e-15,
    "TLT": 2.1268174774787214e-14,
    "IEF": 0.08476408332124934,
    "SHY": 2.0471098426244062e-14,
    "HYG": 1.8420941632016235e-14,
    "LQD": 1.9204372535609104e-14,
    "BND": 2.1148416886462728e-14,
    "AGG": 2.0754792162385246e-14,
    "AAPL": 1.5104293751293137e-14,
    "MSFT": 1.470972475635978e-14,
    "NVDA": 0.022265651454031234,
    "GOOGL": 0.07391675866937479,
    "GOOG": 0.0,
    "META": 8.399155150526565e-15,
    "AMZN": 9.876251942354839e-15,
    "TSLA": 0.0,
    "BRK-B": 1.1400426923661718e-14,
    "AMD": 9.29640865445776e-15,
    "AVGO": 0.0037629963164110447,
    "ORCL": 0.0,
    "INTC": 2.488257177846131e-13,
    "QCOM": 0.0,
    "TXN": 1.2336686995807417e-14,
    "MU": 0.03732272337772727,
    "ADI": 0.0,
    "AMAT": 7.769898905407842e-15,
    "LRCX": 0.006588792665939514,
    "KLAC": 5.776645592993958e-15,
    "ASML": 5.360153764457464e-15,
    "TSM": 1.0465150592464106e-14,
    "MCHP": 9.222103001868786e-16,
    "MPWR": 6.381587957424246e-15,
    "ENPH": 0.0,
    "FSLR": 0.0,
    "SEDG": 2.8675773088791924e-13,
    "RUN": 0.0,
    "PLUG": 4.355390746800339e-15,
    "CRM": 0.0,
    "ADBE": 5.145338445350503e-16,
    "NOW": 0.0,
    "INTU": 4.4359795441449466e-15,
    "CDNS": 0.0,
    "SNPS": 0.0,
    "CTSH": 0.0,
    "EPAM": 0.0,
    "PLTR": 0.0,
    "CRWD": 0.0,
    "NET": 1.444774086995795e-14,
    "SNOW": 3.931538873225074e-16,
    "DDOG": 8.124383227045038e-15,
    "PANW": 3.0206778876695625e-15,
    "ZS": 0.0,
    "FTNT": 0.0,
    "OKTA": 0.0,
    "TWLO": 0.014398368892660758,
    "MDB": 6.884119256921139e-15,
    "HUBS": 0.0,
    "VEEV": 0.0,
    "WDAY": 0.0,
    "ZM": 1.0675550150607825e-14,
    "DOCU": 0.0,
    "DT": 0.0,
    "AI": 0.0,
    "JPM": 1.2467929037622055e-14,
    "BAC": 1.4797306481363113e-14,
    "GS": 1.6866515925728437e-14,
    "MS": 1.3797005492803432e-14,
    "V": 7.326449556513002e-15,
    "MA": 9.279542979328598e-15,
    "C": 0.046317691882954495,
    "WFC": 5.765930245950244e-15,
    "AXP": 1.1118160252378547e-14,
    "BLK": 0.0,
    "SCHW": 1.3774967891859253e-14,
    "CB": 0.04063419849610187,
    "AON": 1.894402933043944e-14,
    "TRV": 2.2625548514306955e-14,
    "PGR": 1.4436283856054256e-14,
    "ALL": 0.017901307637063654,
    "MET": 2.003030354646706e-15,
    "PRU": 0.0,
    "HIG": 2.1351532455153542e-14,
    "SOFI": 0.0,
    "AFRM": 7.621279707565272e-15,
    "UPST": 0.0,
    "NU": 0.0,
    "COIN": 0.0,
    "HOOD": 0.0,
    "PYPL": 0.0,
    "JNJ": 0.08773989968933009,
    "UNH": 0.0,
    "LLY": 5.62881440700234e-15,
    "ABBV": 9.307319144892828e-15,
    "PFE": 1.0844784325264893e-14,
    "MRK": 1.8386090787486064e-14,
    "TMO": 0.0,
    "DHR": 0.0,
    "ABT": 0.0,
    "AMGN": 1.1881376766926444e-14,
    "GILD": 9.518113609195602e-15,
    "BIIB": 1.3053715136746612e-14,
    "REGN": 8.735000787759949e-15,
    "VRTX": 0.0,
    "ISRG": 3.3453637222037615e-15,
    "SYK": 6.791683689365337e-15,
    "BSX": 0.0,
    "MDT": 2.8909307289308983e-15,
    "MRNA": 0.0,
    "BNTX": 0.0,
    "NVAX": 0.0,
    "CVS": 2.0279806135629808e-14,
    "HUM": 0.0,
    "ELV": 0.0,
    "CNC": 0.0,
    "CI": 2.4351888215721768e-15,
    "XOM": 2.097728125881993e-14,
    "CVX": 2.263665448799629e-14,
    "COP": 8.93567988906802e-15,
    "SLB": 7.766582683774363e-15,
    "EOG": 9.89308279241624e-15,
    "MPC": 1.7751005105130293e-14,
    "VLO": 0.030750930172921933,
    "PSX": 1.3397754225337713e-14,
    "OXY": 1.1404996537828025e-14,
    "HAL": 1.4133333701545908e-14,
    "BKR": 1.5505123628543397e-14,
    "DVN": 1.0334043548923477e-14,
    "FANG": 9.351472583153572e-15,
    "APA": 0.0025715807452830353,
    "BP": 2.245148050648488e-14,
    "SHEL": 1.3534515673234785e-14,
    "TTE": 0.01367333922518587,
    "ENB": 0.03154968569632783,
    "HD": 1.1358823529301248e-15,
    "WMT": 0.07676401662157538,
    "COST": 1.7900793749788682e-14,
    "MCD": 1.547080338171659e-14,
    "NKE": 0.0,
    "SBUX": 4.942112545023438e-15,
    "TGT": 1.4655890632191015e-14,
    "LOW": 6.7253308752775566e-15,
    "BKNG": 9.378085722938842e-15,
    "ABNB": 7.215148045337958e-15,
    "TJX": 2.2574453881160173e-14,
    "ROST": 2.0995413741928637e-14,
    "DLTR": 1.0543338930550813e-14,
    "DG": 2.3410683957416037e-14,
    "YUM": 1.9313804735229592e-14,
    "CMG": 0.0,
    "DPZ": 0.0,
    "QSR": 2.2302080123166492e-14,
    "GM": 0.007632603120251486,
    "F": 7.318192762324053e-15,
    "RIVN": 0.0,
    "LCID": 0.0,
    "NIO": 1.963541940723924e-14,
    "XPEV": 0.0,
    "LI": 0.0,
    "PG": 1.1893103354951211e-14,
    "KO": 2.152421645402007e-14,
    "PEP": 1.535373387960648e-14,
    "PM": 2.187938297234038e-14,
    "MO": 0.08530588628988771,
    "CL": 1.2071452332547596e-14,
    "EL": 0.0,
    "CHD": 8.815273295948468e-15,
    "CLX": 0.0,
    "GIS": 0.0,
    "GE": 1.2133595894551665e-14,
    "CAT": 0.02414630205496477,
    "DE": 1.3869105922687092e-14,
    "HON": 1.355559770154953e-14,
    "UNP": 1.1645012706303439e-14,
    "UPS": 7.58534742349297e-15,
    "FDX": 5.748841567263162e-14,
    "LMT": 1.5553888304450723e-14,
    "RTX": 1.6095589975032184e-14,
    "NOC": 1.635503870580779e-14,
    "GD": 9.809027748795478e-15,
    "BA": 1.0571435179964062e-14,
    "MMM": 1.0384985569063394e-15,
    "EMR": 3.5108263359706836e-15,
    "ETN": 4.673197796884087e-16,
    "PH": 1.6202202433681174e-14,
    "ROK": 1.3095148835030342e-14,
    "ITW": 7.482111178708578e-15,
    "IR": 0.0,
    "DOV": 8.979935768312506e-15,
    "WM": 2.1217391101661224e-14,
    "LIN": 1.788274333417402e-14,
    "APD": 9.558963024943668e-15,
    "SHW": 8.541850882515152e-15,
    "FCX": 0.0,
    "NEM": 0.0,
    "NUE": 0.0010222462320259385,
    "VMC": 1.0542853831249613e-14,
    "MLM": 1.6014568771228306e-14,
    "ALB": 0.009896451059790787,
    "MOS": 0.0,
    "NEE": 2.229860923958462e-14,
    "DUK": 2.865699538071066e-14,
    "SO": 2.1018155858027875e-14,
    "D": 2.3143017571229538e-14,
    "AEP": 0.015693943811133614,
    "EXC": 1.9306622121955748e-14,
    "XEL": 1.9685831782824992e-14,
    "WEC": 1.8928850657710757e-14,
    "ES": 1.6504323372959398e-14,
    "ETR": 1.9984635691699153e-14,
    "AWK": 2.3392923471905362e-14,
    "O": 1.8370430927633355e-14,
    "SPG": 2.0382876436646796e-14,
    "PLD": 1.4989966243303296e-14,
    "AMT": 1.3315889771873693e-14,
    "CCI": 5.4308539696060125e-15,
    "EQIX": 2.2432328832156832e-14,
    "DLR": 1.1366032477128358e-14,
    "PSA": 6.760825371385965e-15,
    "EQR": 6.112990553199838e-15,
    "AVB": 0.0,
    "NFLX": 1.2233759397051656e-14,
    "DIS": 9.50649314786275e-15,
    "CMCSA": 1.6626252841790377e-14,
    "T": 0.015848749534546045,
    "VZ": 0.015019273578809413,
    "TMUS": 1.7624385549978476e-14,
    "CHTR": 0.0,
    "WBD": 0.03665131482309464,
    "EWJ": 6.733114010676343e-15,
    "EWG": 7.43413218917323e-15,
    "EWQ": 6.64103439184102e-15,
    "EWU": 1.3477392951151084e-14,
    "EWL": 1.4813014153371658e-14,
    "EWI": 1.455883531866354e-14,
    "EWP": 1.8057184146810744e-14,
    "EWN": 7.75071412402355e-15,
    "EWD": 8.566788469324834e-15,