{
  "timestamp": "2026-04-23T18:46:57.001492Z",
  "total_value": 100000.0,
  "weights": {
    "SPY": 4.731115085693257e-16,
    "QQQ": 0.0,
    "IWM": 0.0,
    "DIA": 0.0,
    "MDY": 0.0,
    "VTI": 0.0,
    "VOO": 9.431631167523651e-17,
    "VTV": 0.0,
    "VUG": 0.0,
    "VNQ": 0.0,
    "XLK": 0.0,
    "XLF": 4.776111201120813e-16,
    "XLV": 0.0,
    "XLE": 0.0,
    "XLY": 0.0,
    "XLP": 0.0,
    "XLI": 0.0,
    "XLB": 0.0,
    "XLU": 0.0,
    "XLRE": 0.0,
    "XLC": 0.0,
    "GDX": 0.0,
    "GLD": 0.0,
    "SLV": 0.0,
    "USO": 0.08778502701645463,
    "UNG": 0.0,
    "TLT": 0.0,
    "IEF": 0.08096195903110207,
    "SHY": 0.0,
    "HYG": 0.0,
    "LQD": 0.0,
    "BND": 0.0,
    "AGG": 0.0,
    "AAPL": 0.0,
    "MSFT": 0.0,
    "NVDA": 0.022300452377226793,
    "GOOGL": 0.07490875976319715,
    "GOOG": 8.43746550181629e-12,
    "META": 0.0,
    "AMZN": 0.0,
    "TSLA": 1.4817519489570996e-14,
    "BRK-B": 0.0,
    "AMD": 0.0,
    "AVGO": 0.003574723750028971,
    "ORCL": 1.0552672379895752e-14,
    "INTC": 5.212724860583056e-14,
    "QCOM": 2.9892743742386665e-14,
    "TXN": 0.0,
    "MU": 0.03715208229378373,
    "ADI": 1.8154673664062107e-13,
    "AMAT": 0.0,
    "LRCX": 0.007483300546627052,
    "KLAC": 0.0,
    "ASML": 0.0,
    "TSM": 0.0,
    "MCHP": 0.0,
    "MPWR": 0.0,
    "ENPH": 4.632088183170778e-14,
    "FSLR": 8.250665940061924e-15,
    "SEDG": 0.0,
    "RUN": 2.89223638969787e-14,
    "PLUG": 0.0,
    "CRM": 3.048300581627815e-17,
    "ADBE": 0.0,
    "NOW": 1.4910888650983958e-14,
    "INTU": 0.0,
    "CDNS": 3.559944709168438e-15,
    "SNPS": 8.83111620606327e-15,
    "CTSH": 8.783411176237464e-19,
    "EPAM": 9.286794885975658e-15,
    "PLTR": 1.5554641823684994e-14,
    "CRWD": 5.319369232507623e-18,
    "NET": 0.0,
    "SNOW": 0.0,
    "DDOG": 0.0,
    "PANW": 0.0,
    "ZS": 2.9071642992741585e-15,
    "FTNT": 4.036659274323071e-15,
    "OKTA": 9.030874580108949e-15,
    "TWLO": 0.01514375555936383,
    "MDB": 0.0,
    "HUBS": 4.2213088475868164e-14,
    "VEEV": 3.107893032658754e-15,
    "WDAY": 6.3855675605365e-15,
    "ZM": 0.0,
    "DOCU": 1.6177947752506466e-14,
    "DT": 0.0,
    "AI": 1.2142087726998712e-13,
    "JPM": 0.0,
    "BAC": 0.0,
    "GS": 0.0,
    "MS": 0.0,
    "V": 0.0,
    "MA": 0.0,
    "C": 0.04560008455186823,
    "WFC": 0.0,
    "AXP": 0.0,
    "BLK": 9.177074797271243e-16,
    "SCHW": 0.0,
    "CB": 0.04099952403256256,
    "AON": 0.0,
    "TRV": 0.0,
    "PGR": 0.0,
    "ALL": 0.018290319142626882,
    "MET": 0.0,
    "PRU": 1.2202225202282816e-15,
    "HIG": 0.0,
    "SOFI": 1.184176614667071e-14,
    "AFRM": 0.0,
    "UPST": 6.603554837700108e-14,
    "NU": 9.120820377921784e-15,
    "COIN": 6.232725081265313e-14,
    "HOOD": 9.801455875483667e-15,
    "PYPL": 5.005022638642439e-15,
    "JNJ": 0.08778502701645463,
    "UNH": 1.0629407401773814e-14,
    "LLY": 0.0,
    "ABBV": 0.0,
    "PFE": 0.0,
    "MRK": 0.0,
    "TMO": 3.538483978313028e-15,
    "DHR": 1.6649300828201222e-14,
    "ABT": 3.0835603517318237e-15,
    "AMGN": 0.0,
    "GILD": 0.0,
    "BIIB": 0.0,
    "REGN": 0.0,
    "VRTX": 1.7863028913304628e-14,
    "ISRG": 0.0,
    "SYK": 0.0,
    "BSX": 1.618320829655648e-14,
    "MDT": 0.0,
    "MRNA": 3.5820360343777344e-14,
    "BNTX": 3.9169993109840595e-14,
    "NVAX": 6.615126083389498e-14,
    "CVS": 0.0,
    "HUM": 8.034994653600834e-15,
    "ELV": 1.1930340480227345e-14,
    "CNC": 2.2488837263373524e-14,
    "CI": 0.0,
    "XOM": 0.0,
    "CVX": 0.0,
    "COP": 0.0,
    "SLB": 0.0,
    "EOG": 0.0,
    "MPC": 0.0,
    "VLO": 0.03153012594774801,
    "PSX": 0.0,
    "OXY": 0.0,
    "HAL": 0.0,
    "BKR": 0.0,
    "DVN": 0.0,
    "FANG": 0.0,
    "APA": 0.0027820391081284403,
    "BP": 0.0,
    "SHEL": 0.0,
    "TTE": 0.013428552229169374,
    "ENB": 0.03215657796181716,
    "HD": 1.3113056161336838e-18,
    "WMT": 0.0772604994325203,
    "COST": 0.0,
    "MCD": 0.0,
    "NKE": 1.5599497147753332e-14,
    "SBUX": 0.0,
    "TGT": 0.0,
    "LOW": 0.0,
    "BKNG": 0.0,
    "ABNB": 0.0,
    "TJX": 0.0,
    "ROST": 0.0,
    "DLTR": 0.0,
    "DG": 0.0,
    "YUM": 0.0,
    "CMG": 1.9925191212255056e-14,
    "DPZ": 5.392593334759959e-15,
    "QSR": 0.0,
    "GM": 0.007948883464538418,
    "F": 0.0,
    "RIVN": 2.9641623748796135e-15,
    "LCID": 1.397950422249193e-13,
    "NIO": 0.0,
    "XPEV": 3.417424819562043e-14,
    "LI": 1.0209714624875846e-14,
    "PG": 0.0,
    "KO": 0.0,
    "PEP": 0.0,
    "PM": 0.0,
    "MO": 0.08677017458325399,
    "CL": 0.0,
    "EL": 1.6958607369658954e-14,
    "CHD": 0.0,
    "CLX": 1.4803465841278584e-14,
    "GIS": 2.712092472806132e-15,
    "GE": 0.0,
    "CAT": 0.02322287978030179,
    "DE": 0.0,
    "HON": 0.0,
    "UNP": 0.0,
    "UPS": 0.0,
    "FDX": 1.0359537092018224e-14,
    "LMT": 0.0,
    "RTX": 0.0,
    "NOC": 0.0,
    "GD": 0.0,
    "BA": 0.0,
    "MMM": 1.4269145691988168e-17,
    "EMR": 0.0,
    "ETN": 0.0,
    "PH": 0.0,
    "ROK": 0.0,
    "ITW": 0.0,
    "IR": 1.2611748214488967e-14,
    "DOV": 0.0,
    "WM": 0.0,
    "LIN": 0.0,
    "APD": 0.0,
    "SHW": 0.0,
    "FCX": 6.162123005199186e-15,
    "NEM": 3.2225755175391803e-13,
    "NUE": 0.0012240487198046962,
    "VMC": 0.0,
    "MLM": 0.0,
    "ALB": 0.01016795148068972,
    "MOS": 2.4404755857368064e-14,
    "NEE": 0.0,
    "DUK": 0.0,
    "SO": 0.0,
    "D": 0.0,
    "AEP": 0.01405265839146986,
    "EXC": 0.0,
    "XEL": 0.0,
    "WEC": 0.0,
    "ES": 0.0,
    "ETR": 0.0,
    "AWK": 0.0,
    "O": 0.0,
    "SPG": 0.0,
    "PLD": 0.0,
    "AMT": 0.0,
    "CCI": 0.0,
    "EQIX": 0.0,
    "DLR": 0.0,
    "PSA": 0.0,
    "EQR": 0.0,
    "AVB": 1.0894429794968606e-15,
    "NFLX": 0.0,
    "DIS": 0.0,
    "CMCSA": 0.0,
    "T": 0.01621813132281083,
    "VZ": 0.014074479104996379,
    "TMUS": 0.0,
    "CHTR": 1.3822347401956638e-14,
    "WBD": 0.03670439149708952,
    "EWJ": 0.0,
    "EWG": 0.0,
    "EWQ": 0.0,
    "EWU": 0.0,
    "EWL": 0.0,
    "EWI": 0.0,
    "EWP": 0.0,
    "EWN": 0.0,
    "EWD": 0.0,
    "FXI": 0.0,
    "KWEB": 1.915282309498649e-14,
    "EWT": 0.0,
    "EWY": 0.030534661139791017,
    "EWA": 0.0,
    "EWH": 0.0,
    "EWS": 0.0,
    "EPI": 0.0,
    "INDA": 0.0,
    "EWZ": 0.0,
    "EWC": 0.0,
    "EWW": 0.0,
    "EZA": 0.0,
    "EEM": 0.0,
    "VEA": 0.0,
    "VWO": 0.0,
    "IEFA": 0.0,
    "IEMG": 0.0,
    "ACWI": 0.0,
    "KSA": 0.0,
    "UAE": 0.0,
    "AFK": 0.0,
    "EWM": 0.0,
    "BABA": 1.117184514048791e-14,
    "JD": 1.2875500841068414e-14,
    "PDD": 8.448840141289816e-15,
    "NTES": 4.851849822516448e-18,
    "TCEHY": 8.642438449309568e-15,
    "BIDU": 5.966053403251775e-15,
    "BILI": 1.8874338136287094e-14,
    "TME": 3.143492280237399e-14,
    "IQ": 4.982060725056216e-14,
    "HUYA": 0.0,
    "DOYU": 3.806417385982222e-14,
    "VNET": 5.829523169350318e-14,
    "GDS": 1.4773900668343833e-14,
    "BEKE": 2.2280832640684207e-14,
    "GRAB": 3.7042594658892845e-14,
    "SEA": 0.0,
    "SHOP": 6.40009771269633e-15,
    "MELI": 5.477867431140731e-15,
    "VALE": 0.0,
    "PBR": 5.4349385150483605e-14,
    "ITUB": 0.0,
    "BBD": 0.0,
    "GLOB": 5.1163843528207835e-14,
    "VTEX": 2.812659176700443e-14,
    "ARCO": 0.0,
    "TS": 0.0,
    "LOMA": 1.457462050996522e-14,
    "MARA": 1.3319674346998994e-13,
    "RIOT": 6.219710918089925e-14,
    "IBIT": 4.806010807335247e-14,
    "GBTC": 4.831189953276758e-14,
    "FBTC": 4.6509284931551724e-14,
    "BTCO": 4.6927968559445666e-14,
    "ARKB": 4.738418043960832e-14,
    "HUT": 8.458792314888454e-13,
    "BITF": 0.021636549662033232,
    "CLSK": 1.1971078138244167e-13,
    "CIFR": 4.25364949607802e-13,
    "IREN": 0.000993828814904362,
    "CORZ": 3.653914046494452e-17,
    "RXRX": 1.2986372884866244e-13,
    "BEAM": 5.165270712772855e-14,
    "EDIT": 3.74235159635302e-14,
    "CRSP": 2.7848740428831644e-14,
    "FATE": 7.44463487792069e-14,
    "ACAD": 0.0,
    "ALNY": 0.0,
    "IONS": 0.022238952647127948,
    "EXEL": 0.0,
    "FOLD": 0.007849330316504246,
    "RARE": 7.088731612435154e-14,