{
  "timestamp": "2026-04-23T20:43:19.720430Z",
  "total_value": 100000.0,
  "weights": {
    "SPY": 1.1446256649609332e-14,
    "QQQ": 7.657548619944805e-15,
    "IWM": 2.6156909328547093e-15,
    "DIA": 9.455972614724512e-15,
    "MDY": 5.446565775106752e-15,
    "VTI": 8.726574740551434e-15,
    "VOO": 9.21533193538678e-15,
    "VTV": 9.206734427122597e-15,
    "VUG": 8.120967958735115e-15,
    "VNQ": 1.0499825484766145e-14,
    "XLK": 6.41809882458661e-15,
    "XLF": 7.35438670678261e-15,
    "XLV": 5.705420580598205e-15,
    "XLE": 1.3478558627866695e-14,
    "XLY": 4.297345873851956e-15,
    "XLP": 1.2118819780362325e-14,
    "XLI": 7.825463663597746e-15,
    "XLB": 7.090047418081744e-15,
    "XLU": 1.5383993865300697e-14,
    "XLRE": 9.586080488498197e-15,
    "XLC": 1.1530520112801697e-14,
    "GDX": 1.1663171670935631e-14,
    "GLD": 1.3302006929633048e-14,
    "SLV": 8.23076209959562e-15,
    "USO": 0.08968551571646459,
    "UNG": 8.059384898861306e-15,
    "TLT": 1.8524243906082713e-14,
    "IEF": 0.04975676699221347,
    "SHY": 1.6884289785887424e-14,
    "HYG": 1.4855970026367902e-14,
    "LQD": 1.6451452341106392e-14,
    "BND": 1.798149264231633e-14,
    "AGG": 1.7577247910084e-14,
    "AAPL": 1.2543410139464205e-14,
    "MSFT": 1.0839759852113398e-14,
    "NVDA": 0.022110758367223357,
    "GOOGL": 0.0770413407736882,
    "GOOG": 1.0974108975634432e-12,
    "META": 7.061360732404189e-15,
    "AMZN": 7.474348099392288e-15,
    "TSLA": 1.7437985226901099e-15,
    "BRK-B": 9.646270069967447e-15,
    "AMD": 6.459166437439705e-15,
    "AVGO": 0.0030435161005017393,
    "ORCL": 1.7306623853132884e-15,
    "INTC": 1.6941783861401363e-13,
    "QCOM": 3.720435987370365e-15,
    "TXN": 9.628048662930188e-15,
    "MU": 0.03902891662231933,
    "ADI": 1.356894012076622e-14,
    "AMAT": 8.096472181809976e-15,
    "LRCX": 0.003649256571794408,
    "KLAC": 5.766122973475024e-15,
    "ASML": 7.291051313630312e-15,
    "TSM": 9.023663396713726e-15,
    "MCHP": 1.2420228214153782e-16,
    "MPWR": 5.064881953167697e-15,
    "ENPH": 6.114112979617731e-15,
    "FSLR": 1.5187786310681741e-15,
    "SEDG": 1.0816793999359487e-13,
    "RUN": 4.662945262718216e-15,
    "PLUG": 1.5958638326172426e-15,
    "CRM": 7.131166437472446e-16,
    "ADBE": 7.856415255447061e-16,
    "NOW": 3.253859166383219e-15,
    "INTU": 3.951266068251349e-15,
    "CDNS": 4.585725716064637e-16,
    "SNPS": 1.1782366540795338e-15,
    "CTSH": 1.0437090679336028e-16,
    "EPAM": 1.657755597590797e-15,
    "PLTR": 2.348475819923122e-15,
    "CRWD": 2.967565899928695e-16,
    "NET": 1.0743309823503753e-14,
    "SNOW": 4.603750808161732e-16,
    "DDOG": 6.528084648087578e-15,
    "PANW": 2.727644637348188e-15,
    "ZS": 7.467839944383271e-16,
    "FTNT": 7.029719929312302e-16,
    "OKTA": 1.1950127207003471e-15,
    "TWLO": 0.010901601963873903,
    "MDB": 5.169413266475514e-15,
    "HUBS": 6.191418157259369e-15,
    "VEEV": 7.419764568394092e-16,
    "WDAY": 1.6053779673639908e-15,
    "ZM": 7.837118546771283e-15,
    "DOCU": 2.5919729218544653e-15,
    "DT": 1.792066965021493e-16,
    "AI": 1.4999134366959906e-14,
    "JPM": 9.671006712099189e-15,
    "BAC": 1.1812164918914948e-14,
    "GS": 1.2521088132306979e-14,
    "MS": 1.0880392399091821e-14,
    "V": 5.774756151208992e-15,
    "MA": 8.525910889141191e-15,
    "C": 0.049285808534456875,
    "WFC": 4.18308127415552e-15,
    "AXP": 8.801834878601112e-15,
    "BLK": 1.664633971871569e-16,
    "SCHW": 1.0073006169581809e-14,
    "CB": 0.04944002987086054,
    "AON": 1.3673976861217596e-14,
    "TRV": 1.8504243585679533e-14,
    "PGR": 1.1952026933768242e-14,
    "ALL": 0.01686968957090802,
    "MET": 1.5262624165427672e-15,
    "PRU": 1.1616860245024904e-16,
    "HIG": 1.8064173500070585e-14,
    "SOFI": 1.7832988280791886e-15,
    "AFRM": 4.01855133458986e-15,
    "UPST": 8.549954756090618e-15,
    "NU": 1.2935395269725836e-15,
    "COIN": 8.609904773085587e-15,
    "HOOD": 2.1123785026889674e-15,
    "PYPL": 1.2260588955343358e-15,
    "JNJ": 0.08968551571646459,
    "UNH": 1.0639573652037743e-15,
    "LLY": 3.882975916806956e-15,
    "ABBV": 8.888269280489758e-15,
    "PFE": 9.244578206654575e-15,
    "MRK": 1.54680920412523e-14,
    "TMO": 2.31665913017414e-16,
    "DHR": 1.5965305509309212e-15,
    "ABT": 2.7123085491785357e-17,
    "AMGN": 1.015381696122263e-14,
    "GILD": 7.741575266960136e-15,
    "BIIB": 1.2041337207787915e-14,
    "REGN": 7.578219968385695e-15,
    "VRTX": 1.5945810872224525e-15,
    "ISRG": 2.326917604428868e-15,
    "SYK": 5.7953032109585776e-15,
    "BSX": 2.1763508894852728e-15,
    "MDT": 2.841192876974467e-15,
    "MRNA": 4.0097971237330794e-15,
    "BNTX": 4.754159048979258e-15,
    "NVAX": 7.078757459818868e-15,
    "CVS": 1.7297709712727736e-14,
    "HUM": 7.240600899256448e-16,
    "ELV": 1.2677579027245683e-15,
    "CNC": 2.6848612709489565e-15,
    "CI": 2.136778765936413e-15,
    "XOM": 1.6439595131994735e-14,
    "CVX": 1.8242920629266046e-14,
    "COP": 6.559909853253508e-15,
    "SLB": 6.074416118168828e-15,
    "EOG": 7.917350569047308e-15,
    "MPC": 1.3543076319154813e-14,
    "VLO": 0.03902325675434225,
    "PSX": 1.0396578350396983e-14,
    "OXY": 9.508711409248314e-15,
    "HAL": 1.1818283745510883e-14,
    "BKR": 1.306508984036728e-14,
    "DVN": 9.541050344433045e-15,
    "FANG": 8.529842597885858e-15,
    "APA": 2.586697150305798e-13,
    "BP": 1.7465032104667723e-14,
    "SHEL": 1.1334943469113267e-14,
    "TTE": 0.012911457008110673,
    "ENB": 0.019940074011279993,
    "HD": 2.181649568716652e-15,
    "WMT": 0.08155498370577231,
    "COST": 1.451172311278792e-14,
    "MCD": 1.283652030353467e-14,
    "NKE": 1.7888715694630917e-15,
    "SBUX": 4.55668860942179e-15,
    "TGT": 1.1563624459577692e-14,
    "LOW": 6.247932085699621e-15,
    "BKNG": 8.781397882723933e-15,
    "ABNB": 6.041369756452755e-15,
    "TJX": 1.8147584594608858e-14,
    "ROST": 1.743109875600976e-14,
    "DLTR": 9.386497682833208e-15,
    "DG": 1.9017219731597255e-14,
    "YUM": 1.516378851414066e-14,
    "CMG": 2.547900209838694e-15,
    "DPZ": 1.988718576110349e-16,
    "QSR": 1.936855530787767e-14,
    "GM": 0.007621391443537589,
    "F": 5.873638670301771e-15,
    "RIVN": 6.102496954992969e-16,
    "LCID": 1.7119869570276083e-14,
    "NIO": 1.3194935933007426e-14,
    "XPEV": 4.270298542520789e-15,
    "LI": 1.5192078931604305e-15,
    "PG": 1.139973488199867e-14,
    "KO": 1.766784469633546e-14,
    "PEP": 1.386273664509858e-14,
    "PM": 1.6969842387255027e-14,
    "MO": 0.08740957608366262,
    "CL": 1.0304322349750463e-14,
    "EL": 2.040647099358963e-15,
    "CHD": 8.011901972025437e-15,
    "CLX": 1.2857119663037831e-15,
    "GIS": 7.855128424535448e-16,
    "GE": 9.658037193733896e-15,
    "CAT": 0.02072181003576657,
    "DE": 1.0953580252759346e-14,
    "HON": 1.0376962251613462e-14,
    "UNP": 1.0990986719368728e-14,
    "UPS": 7.768374449123426e-15,
    "FDX": 1.7164751216663588e-14,
    "LMT": 1.3152860240045527e-14,
    "RTX": 1.3936096284170038e-14,
    "NOC": 1.4208870333916029e-14,
    "GD": 7.394662060528509e-15,
    "BA": 8.42343659621271e-15,
    "MMM": 1.6506381445302265e-15,
    "EMR": 2.4822309239649284e-15,
    "ETN": 5.584071585065674e-16,
    "PH": 1.3867581181984457e-14,
    "ROK": 1.1115441225446835e-14,
    "ITW": 6.399085838296546e-15,
    "IR": 1.3697736030499202e-15,
    "DOV": 7.608829721755393e-15,
    "WM": 1.8182811610681082e-14,
    "LIN": 1.4786979668248854e-14,
    "APD": 8.47736581422085e-15,
    "SHW": 7.842516535486312e-15,
    "FCX": 9.7479546705528e-16,
    "NEM": 1.2187142566528475e-15,
    "NUE": 1.7146308142920925e-14,
    "VMC": 9.005677952531448e-15,
    "MLM": 1.246976733101372e-14,
    "ALB": 0.009973086800584804,
    "MOS": 2.5474596876388563e-15,
    "NEE": 1.660143593369267e-14,
    "DUK": 2.064755967433129e-14,
    "SO": 1.6969845386712517e-14,
    "D": 1.908407711955113e-14,
    "AEP": 0.02345288879865966,
    "EXC": 1.6361554298599425e-14,