{
  "timestamp": "2026-04-23T08:16:41.094813Z",
  "total_value": 100000.0,
  "weights": {
    "SPY": 5.414539561763774e-15,
    "QQQ": 5.8545175914022065e-15,
    "IWM": 1.3489561722180471e-15,
    "DIA": 8.003312248310212e-15,
    "MDY": 3.7849675838896555e-15,
    "VTI": 7.284813419278473e-15,
    "VOO": 7.702114278760446e-15,
    "VTV": 8.397760735438645e-15,
    "VUG": 6.8190400051711154e-15,
    "VNQ": 9.68404196497661e-15,
    "XLK": 5.405372808827855e-15,
    "XLF": 8.05455024628576e-15,
    "XLV": 4.652486531321384e-15,
    "XLE": 1.177894552503882e-14,
    "XLY": 3.960930952595229e-15,
    "XLP": 1.3855819617323493e-14,
    "XLI": 7.458057487165493e-15,
    "XLB": 7.0657809535129625e-15,
    "XLU": 1.4975921390068458e-14,
    "XLRE": 9.749043051147493e-15,
    "XLC": 1.1524168651197188e-14,
    "GDX": 1.4754043297235927e-14,
    "GLD": 1.37549942296243e-14,
    "SLV": 1.310794518854579e-14,
    "USO": 0.09010396607244342,
    "UNG": 6.773270196420101e-15,
    "TLT": 1.6495937183749896e-14,
    "IEF": 0.0768350652847821,
    "SHY": 1.501063119260624e-14,
    "HYG": 1.2717369121611238e-14,
    "LQD": 1.4349655140925592e-14,
    "BND": 1.519828382376403e-14,
    "AGG": 1.5644343110110282e-14,
    "AAPL": 1.0200117301812122e-14,
    "MSFT": 1.1391459268373151e-14,
    "NVDA": 0.006658670745089711,
    "GOOGL": 0.08770379938153919,
    "GOOG": 2.3752468462288005e-13,
    "META": 5.832149045082985e-15,
    "AMZN": 6.362013379608426e-15,
    "TSLA": 4.2134081081238455e-17,
    "BRK-B": 8.494537339715012e-15,
    "AMD": 3.261182032750532e-15,
    "AVGO": 0.004882703269383107,
    "ORCL": 4.9439637456572294e-17,
    "INTC": 2.8262249032122624e-13,
    "QCOM": 1.2002817093527218e-15,
    "TXN": 3.768444978742836e-15,
    "MU": 0.04212717225088857,
    "ADI": 1.0715512811885399e-14,
    "AMAT": 3.5876870545782484e-15,
    "LRCX": 0.002828833733381156,
    "KLAC": 2.53652789656541e-15,
    "ASML": 3.336834949164541e-15,
    "TSM": 5.3009176968907235e-15,
    "MCHP": 7.308422680985145e-16,
    "MPWR": 8.006048086450904e-16,
    "ENPH": 1.3697481242040531e-15,
    "FSLR": 4.903666705246639e-16,
    "SEDG": 2.2249789139199574e-14,
    "RUN": 5.191223163418899e-14,
    "PLUG": 2.781747576284961e-15,
    "CRM": 4.559997209907313e-16,
    "ADBE": 2.444414517717016e-15,
    "NOW": 8.244410776842125e-17,
    "INTU": 3.488389574257165e-15,
    "CDNS": 0.0,
    "SNPS": 6.828452363026556e-16,
    "CTSH": 0.0,
    "EPAM": 7.638810226375246e-16,
    "PLTR": 7.228739156617615e-16,
    "CRWD": 2.1565334392797846e-16,
    "NET": 9.297194721630014e-15,
    "SNOW": 3.2988578130266035e-16,
    "DDOG": 7.610794793785397e-15,
    "PANW": 4.935055497877051e-15,
    "ZS": 1.3942777420686264e-17,
    "FTNT": 5.132282369806852e-16,
    "OKTA": 0.0,
    "TWLO": 0.009462913243728721,
    "MDB": 4.870086027014478e-15,
    "HUBS": 1.4295073947153533e-15,
    "VEEV": 1.494397926874695e-17,
    "WDAY": 2.7905355913280113e-16,
    "ZM": 1.0015463750234589e-14,
    "DOCU": 7.419446509910352e-16,
    "DT": 8.954253814546913e-16,
    "AI": 3.3229525544177426e-15,
    "JPM": 9.152329411271689e-15,
    "BAC": 1.0987392384360743e-14,
    "GS": 1.0964836745048008e-14,
    "MS": 1.0270840530846382e-14,
    "V": 6.408325302880767e-15,
    "MA": 7.744449814015975e-15,
    "C": 0.06844816609485976,
    "WFC": 4.7694683879279914e-15,
    "AXP": 7.567888015301654e-15,
    "BLK": 5.055104600715502e-16,
    "SCHW": 1.034715059144782e-14,
    "CB": 0.01454936713173738,
    "AON": 1.201795940874835e-14,
    "TRV": 1.627987349734624e-14,
    "PGR": 1.189532653820893e-14,
    "ALL": 0.02150114083879522,
    "MET": 2.18767898780649e-15,
    "PRU": 0.0,
    "HIG": 1.7487917306638116e-14,
    "SOFI": 1.3872217724907855e-16,
    "AFRM": 3.470084545785543e-15,
    "UPST": 2.1753942772925927e-15,
    "NU": 1.5159669908638312e-16,
    "COIN": 1.5085462052600164e-15,
    "HOOD": 8.865656797976891e-16,
    "PYPL": 5.844465489432165e-16,
    "JNJ": 0.09010396607244342,
    "UNH": 2.023058488157069e-16,
    "LLY": 3.628482771440003e-15,
    "ABBV": 7.695619158608389e-15,
    "PFE": 8.504763766339921e-15,
    "MRK": 1.2326494152820816e-14,
    "TMO": 7.854623755052081e-16,
    "DHR": 6.889649122988594e-17,
    "ABT": 2.8932344396680985e-16,
    "AMGN": 8.273784353156121e-15,
    "GILD": 5.830122458652571e-15,
    "BIIB": 8.586509415088331e-15,
    "REGN": 5.503014369682359e-15,
    "VRTX": 2.962387182172283e-16,
    "ISRG": 2.3445550898032805e-16,
    "SYK": 5.724742487147262e-15,
    "BSX": 4.516750325516484e-16,
    "MDT": 2.2988463319525614e-15,
    "MRNA": 2.9184992107848893e-16,
    "BNTX": 1.2026307049601817e-15,
    "NVAX": 1.730523950063609e-15,
    "CVS": 1.59909412873736e-14,
    "HUM": 4.763220946031829e-16,
    "ELV": 2.0054696712136163e-16,
    "CNC": 5.489326512046993e-16,
    "CI": 3.4787702770373736e-15,
    "XOM": 1.5415494849535087e-14,
    "CVX": 1.683527207005575e-14,
    "COP": 6.612342030091867e-15,
    "SLB": 5.061846794321925e-15,
    "EOG": 7.731139847019364e-15,
    "MPC": 1.2243934844787851e-14,
    "VLO": 0.041310540175346626,
    "PSX": 9.708000998724225e-15,
    "OXY": 8.708590042891019e-15,
    "HAL": 9.9391946567415e-15,
    "BKR": 9.977173365925973e-15,
    "DVN": 7.768492563226856e-15,
    "FANG": 7.717325906535384e-15,
    "APA": 0.001076656810783517,
    "BP": 1.5981298879550518e-14,
    "SHEL": 1.0807441406323064e-14,
    "TTE": 0.009674393356802166,
    "ENB": 0.028901381491891174,
    "HD": 3.0570532605264483e-15,
    "WMT": 0.07734773331527489,
    "COST": 1.3439196866438856e-14,
    "MCD": 1.1399505264560701e-14,
    "NKE": 5.198551998800405e-16,
    "SBUX": 4.078264139951697e-15,
    "TGT": 1.0182245698451708e-14,
    "LOW": 6.251281812222898e-15,
    "BKNG": 6.170403083952087e-15,
    "ABNB": 5.772006781463443e-15,
    "TJX": 1.61226342476999e-14,
    "ROST": 1.526561914642788e-14,
    "DLTR": 8.38154606390433e-15,
    "DG": 2.0368679662739132e-15,
    "YUM": 1.4195623087859443e-14,
    "CMG": 1.9343223053944709e-16,
    "DPZ": 0.0,
    "QSR": 0.0017123337959133614,
    "GM": 9.191655013367224e-05,
    "F": 4.671577745993638e-15,
    "RIVN": 3.0422616177528144e-16,
    "LCID": 4.072829525123223e-15,
    "NIO": 9.499467327496067e-15,
    "XPEV": 1.172864010635973e-15,
    "LI": 1.957657020073863e-16,
    "PG": 1.0352919166236492e-14,
    "KO": 1.6026800570885467e-14,
    "PEP": 1.2312044911710696e-14,
    "PM": 1.5201388894858687e-14,
    "MO": 0.0827257617498031,
    "CL": 9.863294209395996e-15,
    "EL": 3.39299142285027e-16,
    "CHD": 7.321889007798792e-15,
    "CLX": 0.0,
    "GIS": 5.558734047605518e-17,
    "GE": 7.729967235789526e-15,
    "CAT": 0.024083145718818533,
    "DE": 9.568205648398848e-15,
    "HON": 8.712364861025683e-15,
    "UNP": 8.367470390691504e-15,
    "UPS": 4.7135075600870816e-15,
    "FDX": 1.5070279715275038e-14,
    "LMT": 1.098244502467536e-14,
    "RTX": 1.1485745290126873e-14,
    "NOC": 1.3753618291665098e-14,
    "GD": 8.006693094530677e-15,
    "BA": 5.979300849604307e-15,
    "MMM": 0.0,
    "EMR": 2.5334622032307072e-15,
    "ETN": 5.558825878035803e-17,
    "PH": 1.1399554778066726e-14,
    "ROK": 9.23097354649216e-15,
    "ITW": 5.257547343841456e-15,
    "IR": 3.097382984959433e-16,
    "DOV": 4.726107160618959e-15,
    "WM": 1.6069356036141473e-14,
    "LIN": 1.4164500873951162e-14,
    "APD": 9.667575582184909e-15,
    "SHW": 7.997512155474378e-15,
    "FCX": 4.70928314205424e-16,
    "NEM": 2.9267676624662165e-14,
    "NUE": 1.4876589626213098e-14,
    "VMC": 8.220562669062242e-15,
    "MLM": 1.1255720949519058e-14,
    "ALB": 0.011875992912972503,
    "MOS": 1.0607138744839787e-17,
    "NEE": 1.6681870262465398e-14,
    "DUK": 1.8376203620176817e-14,
    "SO": 1.631900732287396e-14,
    "D": 1.6716609725232087e-14,
    "AEP": 0.020099573163210555,
    "EXC": 1.420561864279778e-14,
    "XEL": 1.4623829117059086e-14,
    "WEC": 1.5249537247156113e-14,
    "ES": 1.0941486439441929e-14,
    "ETR": 1.3893186167134922e-14,