{
  "timestamp": "2026-04-22T22:34:48.040585Z",
  "total_value": 100000.0,
  "weights": {
    "SPY": 3.598965147984954e-15,
    "QQQ": 3.802561667749934e-15,
    "IWM": 0.0,
    "DIA": 6.3485949388251676e-15,
    "MDY": 1.344546744371841e-15,
    "VTI": 2.7260690186113992e-15,
    "VOO": 3.668852023782385e-15,
    "VTV": 5.326143842374407e-15,
    "VUG": 2.6946223631274536e-15,
    "VNQ": 4.695127003319957e-15,
    "XLK": 2.6681509330854086e-15,
    "XLF": 3.962376298192335e-15,
    "XLV": 2.1864478818511878e-15,
    "XLE": 6.961657981078193e-15,
    "XLY": 1.5438467784922257e-15,
    "XLP": 4.9727410002490176e-15,
    "XLI": 3.3218522602190317e-15,
    "XLB": 3.2739318352963743e-15,
    "XLU": 5.70744268293282e-15,
    "XLRE": 2.6924358985918024e-15,
    "XLC": 5.86817247075302e-15,
    "GDX": 6.106167193156125e-15,
    "GLD": 4.4713446603825815e-15,
    "SLV": 3.450952617481707e-15,
    "USO": 0.08767091661494886,
    "UNG": 3.1539468178942274e-15,
    "TLT": 1.0735252340098036e-14,
    "IEF": 0.08432613959116661,
    "SHY": 8.933675470716493e-15,
    "HYG": 7.480407358326002e-15,
    "LQD": 7.132602582871994e-15,
    "BND": 8.818788745634326e-15,
    "AGG": 8.190249200151599e-15,
    "AAPL": 5.3739461867004445e-15,
    "MSFT": 5.407529466559679e-15,
    "NVDA": 0.022337950835895827,
    "GOOGL": 0.07428110251706016,
    "GOOG": 0.0,
    "META": 4.308845404313009e-15,
    "AMZN": 3.880574194044667e-15,
    "TSLA": 0.0,
    "BRK-B": 4.722738728891484e-15,
    "AMD": 3.4707367782049595e-15,
    "AVGO": 0.0032563425584340574,
    "ORCL": 0.0,
    "INTC": 2.6704179920617846e-14,
    "QCOM": 0.0,
    "TXN": 3.749375237855903e-15,
    "MU": 0.036586211896797484,
    "ADI": 5.90379180865926e-15,
    "AMAT": 3.294781836459247e-15,
    "LRCX": 0.008881114054449355,
    "KLAC": 2.2353787746155043e-15,
    "ASML": 3.2032581839528197e-15,
    "TSM": 4.39891606747711e-15,
    "MCHP": 0.0,
    "MPWR": 2.6515615002881423e-15,
    "ENPH": 0.0,
    "FSLR": 0.0,
    "SEDG": 0.0,
    "RUN": 0.0,
    "PLUG": 1.7053843237659655e-15,
    "CRM": 7.132195198582062e-16,
    "ADBE": 2.055940344706443e-15,
    "NOW": 0.0,
    "INTU": 2.2316583747786866e-15,
    "CDNS": 0.0,
    "SNPS": 0.0,
    "CTSH": 8.100214200250985e-16,
    "EPAM": 0.0,
    "PLTR": 0.0,
    "CRWD": 5.624724638893427e-17,
    "NET": 4.940421507929145e-15,
    "SNOW": 1.3189974554318428e-15,
    "DDOG": 2.644159523481081e-15,
    "PANW": 1.2572963880029395e-15,
    "ZS": 0.0,
    "FTNT": 0.0,
    "OKTA": 0.0,
    "TWLO": 0.015588878669216146,
    "MDB": 2.9333308907802396e-15,
    "HUBS": 0.0,
    "VEEV": 0.0,
    "WDAY": 0.0,
    "ZM": 4.237840624076284e-15,
    "DOCU": 0.0,
    "DT": 2.3104768402496403e-16,
    "AI": 0.0,
    "JPM": 3.963628435169963e-15,
    "BAC": 4.413887005709586e-15,
    "GS": 6.44862600684555e-15,
    "MS": 5.285320532187692e-15,
    "V": 3.403751515307264e-15,
    "MA": 4.486439580939165e-15,
    "C": 0.045896275018535736,
    "WFC": 1.988861352611022e-15,
    "AXP": 4.323250884824711e-15,
    "BLK": 0.0,
    "SCHW": 5.353610322856824e-15,
    "CB": 0.03908401837604531,
    "AON": 6.3332096970445266e-15,
    "TRV": 7.927109456376243e-15,
    "PGR": 4.24452015534544e-15,
    "ALL": 0.018411868785911834,
    "MET": 8.018796295627608e-16,
    "PRU": 0.0,
    "HIG": 7.688488424176328e-15,
    "SOFI": 0.0,
    "AFRM": 2.5651432099241166e-15,
    "UPST": 0.0,
    "NU": 0.0,
    "COIN": 0.0,
    "HOOD": 0.0,
    "PYPL": 0.0,
    "JNJ": 0.08767091661494886,
    "UNH": 0.0,
    "LLY": 1.6893954852146593e-15,
    "ABBV": 4.947728226524288e-15,
    "PFE": 3.3914823714078126e-15,
    "MRK": 6.1305587568739795e-15,
    "TMO": 0.0,
    "DHR": 0.0,
    "ABT": 0.0,
    "AMGN": 4.106297971835475e-15,
    "GILD": 3.58391689364967e-15,
    "BIIB": 5.076372240308487e-15,
    "REGN": 3.813592090315459e-15,
    "VRTX": 0.0,
    "ISRG": 1.4379697086426854e-15,
    "SYK": 2.511347876834766e-15,
    "BSX": 0.0,
    "MDT": 1.1435342161965065e-15,
    "MRNA": 0.0,
    "BNTX": 0.0,
    "NVAX": 0.0,
    "CVS": 7.266613226361399e-15,
    "HUM": 0.0,
    "ELV": 0.0,
    "CNC": 0.0,
    "CI": 7.558649425353801e-16,
    "XOM": 6.621361880979406e-15,
    "CVX": 7.889170078675942e-15,
    "COP": 2.784482727077487e-15,
    "SLB": 2.00743620050223e-15,
    "EOG": 2.972841546022414e-15,
    "MPC": 5.898920518429446e-15,
    "VLO": 0.03200349748743289,
    "PSX": 3.6420520145342736e-15,
    "OXY": 3.52418637722048e-15,
    "HAL": 4.408267942222476e-15,
    "BKR": 5.006081965208745e-15,
    "DVN": 3.1390347674560936e-15,
    "FANG": 3.157999861908239e-15,
    "APA": 0.00265215144753404,
    "BP": 7.554434262749513e-15,
    "SHEL": 4.629159231870135e-15,
    "TTE": 0.0135551630216046,
    "ENB": 0.03166984071091675,
    "HD": 5.148848237873772e-16,
    "WMT": 0.07782168381254483,
    "COST": 6.814428074591281e-15,
    "MCD": 6.659125683662581e-15,
    "NKE": 0.0,
    "SBUX": 1.4363589906002907e-15,
    "TGT": 5.845378693043454e-15,
    "LOW": 2.6980932077549605e-15,
    "BKNG": 4.558421962844534e-15,
    "ABNB": 3.301106129152449e-15,
    "TJX": 7.34368879626028e-15,
    "ROST": 6.963432116733867e-15,
    "DLTR": 3.1994729224273106e-15,
    "DG": 8.50059314799385e-15,
    "YUM": 7.0819605797562565e-15,
    "CMG": 0.0,
    "DPZ": 0.0,
    "QSR": 8.934154869684034e-15,
    "GM": 0.007964541426347707,
    "F": 3.651216252164147e-15,
    "RIVN": 0.0,
    "LCID": 0.0,
    "NIO": 7.0431071973172875e-15,
    "XPEV": 0.0,
    "LI": 0.0,
    "PG": 4.500091207910079e-15,
    "KO": 7.403878953550836e-15,
    "PEP": 5.036610032015278e-15,
    "PM": 7.781369863025935e-15,
    "MO": 0.0852585964163253,
    "CL": 3.777210121405395e-15,
    "EL": 0.0,
    "CHD": 2.7462786913445747e-15,
    "CLX": 0.0,
    "GIS": 0.0,
    "GE": 4.178770672144086e-15,
    "CAT": 0.020361828440832275,
    "DE": 4.407632457484876e-15,
    "HON": 5.3748950026044305e-15,
    "UNP": 3.794911161459287e-15,
    "UPS": 3.176069374967135e-15,
    "FDX": 6.169531644131382e-15,
    "LMT": 5.627482635811569e-15,
    "RTX": 5.878594392712151e-15,
    "NOC": 5.646074447571442e-15,
    "GD": 3.2231095304705552e-15,
    "BA": 4.0068577659234045e-15,
    "MMM": 3.471153242199373e-16,
    "EMR": 8.53392377904103e-16,
    "ETN": 1.5429522689859893e-16,
    "PH": 5.9262883219289186e-15,
    "ROK": 4.565663719774824e-15,
    "ITW": 2.4227917044151044e-15,
    "IR": 0.0,
    "DOV": 2.845812260289089e-15,
    "WM": 7.48995541467511e-15,
    "LIN": 6.660032446634882e-15,
    "APD": 2.4492657666110847e-15,
    "SHW": 3.281010589206246e-15,
    "FCX": 0.0,
    "NEM": 0.0,
    "NUE": 0.002223685158664785,
    "VMC": 3.571843896372023e-15,
    "MLM": 4.754655532487436e-15,
    "ALB": 0.010220022838051358,
    "MOS": 0.0,
    "NEE": 7.035846685710802e-15,
    "DUK": 9.263752755282244e-15,
    "SO": 7.524730579650935e-15,
    "D": 8.915444686740802e-15,
    "AEP": 0.013801847223486659,
    "EXC": 7.349927246621792e-15,
    "XEL": 6.838606429678537e-15,
    "WEC": 7.110374656326997e-15,
    "ES": 5.9313115198086305e-15,
    "ETR": 6.535036401059772e-15,
    "AWK": 8.810538762788514e-15,
    "O": 6.677224703444551e-15,
    "SPG": 7.48226240081992e-15,
    "PLD": 5.084081184754725e-15,
    "AMT": 5.352140841633378e-15,
    "CCI": 1.6644989492359335e-15,
    "EQIX": 6.281322690772691e-15,
    "DLR": 3.352418533216816e-15,
    "PSA": 2.1687293484961153e-15,
    "EQR": 2.5454889750841983e-15,
    "AVB": 0.0,
    "NFLX": 4.615334823740554e-15,
    "DIS": 3.918159782765822e-15,
    "CMCSA": 5.355518073567822e-15,
    "T": 0.015712048374934402,
    "VZ": 0.01376472300753415,
    "TMUS": 6.769807341470967e-15,
    "CHTR": 0.0,
    "WBD": 0.03708642058480756,
    "EWJ": 2.386572035407194e-15,
    "EWG": 2.781497725883015e-15,
    "EWQ": 2.5568914268308193e-15,
    "EWU": 4.847868975113333e-15,
    "EWL": 5.593670503428518e-15,
    "EWI": 5.519145519072983e-15,
    "EWP": 6.559774758995857e-15,
    "EWN": 3.4364829228208456e-15,
    "EWD": 3.57027761907617e-15,