{
  "timestamp": "2026-04-22T16:38:14.764905Z",
  "total_value": 100000.0,
  "weights": {
    "SPY": 8.028286162514711e-15,
    "QQQ": 4.841288752230631e-15,
    "IWM": 1.0407233180045934e-15,
    "DIA": 5.732986033162694e-15,
    "MDY": 3.049473807885285e-15,
    "VTI": 5.414512432708096e-15,
    "VOO": 6.161182408706425e-15,
    "VTV": 5.426955497175592e-15,
    "VUG": 7.680084978911859e-15,
    "VNQ": 5.673191246825104e-15,
    "XLK": 5.167848372398817e-15,
    "XLF": 5.55524943367458e-15,
    "XLV": 2.9384715812134798e-15,
    "XLE": 8.41514021138341e-15,
    "XLY": 2.8457616707457875e-15,
    "XLP": 7.944166816585903e-15,
    "XLI": 5.930327745617893e-15,
    "XLB": 3.4270724776166637e-15,
    "XLU": 9.425654759596425e-15,
    "XLRE": 7.781364603958597e-15,
    "XLC": 8.093589531517656e-15,
    "GDX": 8.609378838849884e-15,
    "GLD": 9.486281440606396e-15,
    "SLV": 6.857198880387202e-15,
    "USO": 0.08822785544269698,
    "UNG": 5.3517859836583354e-15,
    "TLT": 1.3033757186711556e-14,
    "IEF": 0.06965838389262953,
    "SHY": 1.3088767156139332e-14,
    "HYG": 1.1148628332261227e-14,
    "LQD": 1.1757825525237122e-14,
    "BND": 1.272143199345342e-14,
    "AGG": 1.261554666144497e-14,
    "AAPL": 9.28346487738472e-15,
    "MSFT": 8.352001506078479e-15,
    "NVDA": 0.02229564746816784,
    "GOOGL": 0.07864983797714435,
    "GOOG": 1.8941808110659346e-13,
    "META": 5.5424121626772e-15,
    "AMZN": 6.336616181862921e-15,
    "TSLA": 7.356380532358437e-16,
    "BRK-B": 7.129255737540335e-15,
    "AMD": 5.80625088204387e-15,
    "AVGO": 0.004153210692937107,
    "ORCL": 1.9347384413547187e-16,
    "INTC": 7.337678471576386e-14,
    "QCOM": 1.5753868935684164e-15,
    "TXN": 5.406831100893828e-15,
    "MU": 0.03664945672830295,
    "ADI": 8.372396765853966e-15,
    "AMAT": 4.478883905154214e-15,
    "LRCX": 0.006913083873016352,
    "KLAC": 2.6180749081152136e-15,
    "ASML": 4.8642073664348e-15,
    "TSM": 6.789793853292668e-15,
    "MCHP": 2.9827114007828365e-16,
    "MPWR": 2.314008197314486e-15,
    "ENPH": 2.778650174385933e-15,
    "FSLR": 6.44959993906312e-16,
    "SEDG": 7.479888327323249e-17,
    "RUN": 1.4630388540688424e-15,
    "PLUG": 3.722793943053992e-15,
    "CRM": 3.045567132090482e-16,
    "ADBE": 2.041294048914231e-15,
    "NOW": 7.24263828970186e-16,
    "INTU": 3.982554898796245e-15,
    "CDNS": 2.514966589084469e-16,
    "SNPS": 7.212375420924247e-16,
    "CTSH": 6.406981182465362e-16,
    "EPAM": 5.038458548697653e-16,
    "PLTR": 6.973812898233616e-16,
    "CRWD": 9.228385799056277e-17,
    "NET": 8.934429557067639e-15,
    "SNOW": 2.596983369649006e-15,
    "DDOG": 6.217908482638178e-15,
    "PANW": 2.28103000633586e-15,
    "ZS": 1.1463489344671908e-16,
    "FTNT": 3.9273733304644147e-16,
    "OKTA": 3.5263535559218703e-16,
    "TWLO": 0.012372211056631534,
    "MDB": 4.099954008865749e-15,
    "HUBS": 2.087675765830455e-15,
    "VEEV": 2.2861626019953003e-16,
    "WDAY": 2.376116353018978e-16,
    "ZM": 6.02732945833216e-15,
    "DOCU": 7.24920223465225e-16,
    "DT": 1.853525591146026e-16,
    "AI": 5.799974370652914e-15,
    "JPM": 6.765468681997738e-15,
    "BAC": 8.16611076665778e-15,
    "GS": 9.040203871664725e-15,
    "MS": 7.736696070958086e-15,
    "V": 4.269483419924526e-15,
    "MA": 5.503430852349223e-15,
    "C": 0.04778418118020901,
    "WFC": 3.347638267845571e-15,
    "AXP": 6.947676372969404e-15,
    "BLK": 4.770359372640405e-17,
    "SCHW": 7.889470777749205e-15,
    "CB": 0.0264765942739552,
    "AON": 9.57931863861955e-15,
    "TRV": 1.1273252701222111e-14,
    "PGR": 8.080220129387819e-15,
    "ALL": 0.02520268580283276,
    "MET": 1.3202727499643318e-15,
    "PRU": 1.0775486068858569e-16,
    "HIG": 1.1682853778098303e-14,
    "SOFI": 6.499742732340558e-16,
    "AFRM": 6.004080197059827e-15,
    "UPST": 3.2423298684435108e-15,
    "NU": 5.691894066112419e-16,
    "COIN": 2.9252731902276425e-15,
    "HOOD": 5.199647662342505e-16,
    "PYPL": 2.0484131240829347e-16,
    "JNJ": 0.08822785544269698,
    "UNH": 4.918313539297584e-16,
    "LLY": 1.1767989961698013e-15,
    "ABBV": 5.787514578783888e-15,
    "PFE": 5.053173115074686e-15,
    "MRK": 9.184719012324955e-15,
    "TMO": 1.2641240637355584e-16,
    "DHR": 6.632619641744749e-16,
    "ABT": 1.9853514039350056e-16,
    "AMGN": 5.620018988851506e-15,
    "GILD": 4.224052358022257e-15,
    "BIIB": 6.714171186336676e-15,
    "REGN": 4.283404168396649e-15,
    "VRTX": 8.939721805372798e-16,
    "ISRG": 1.8541424545666094e-15,
    "SYK": 3.9714742154388984e-15,
    "BSX": 5.374723532190742e-16,
    "MDT": 1.4729934104483103e-15,
    "MRNA": 1.82945456623272e-15,
    "BNTX": 1.67829080471658e-15,
    "NVAX": 2.315984129523379e-15,
    "CVS": 1.121143661110594e-14,
    "HUM": 5.32242392290119e-16,
    "ELV": 4.870928671943514e-16,
    "CNC": 8.713955104241509e-16,
    "CI": 1.251662273561541e-15,
    "XOM": 1.040204983580123e-14,
    "CVX": 1.2222987145894658e-14,
    "COP": 3.488174675192274e-15,
    "SLB": 2.2602925912852822e-15,
    "EOG": 5.137773369424701e-15,
    "MPC": 8.002566461255465e-15,
    "VLO": 0.04128828615321218,
    "PSX": 5.7336224498141434e-15,
    "OXY": 6.172819002602844e-15,
    "HAL": 6.130224242939e-15,
    "BKR": 5.479383938637559e-15,
    "DVN": 4.879034492071837e-15,
    "FANG": 4.3508687666658674e-15,
    "APA": 3.684861978352341e-15,
    "BP": 1.1466839465814124e-14,
    "SHEL": 7.812968830598531e-15,
    "TTE": 0.008432686853266275,
    "ENB": 0.025347715171988992,
    "HD": 3.633761230535873e-17,
    "WMT": 0.08233815889923547,
    "COST": 1.010229862076591e-14,
    "MCD": 8.545142509691574e-15,
    "NKE": 7.862701118540638e-16,
    "SBUX": 2.367833889001724e-15,
    "TGT": 6.024317266304572e-15,
    "LOW": 2.3127657670047234e-15,
    "BKNG": 5.848587266216083e-15,
    "ABNB": 4.737508517100576e-15,
    "TJX": 1.1797714612647381e-14,
    "ROST": 1.1651073609656186e-14,
    "DLTR": 5.552539047664143e-15,
    "DG": 1.2901329497264386e-14,
    "YUM": 1.0893696582422149e-14,
    "CMG": 8.367714584243892e-16,
    "DPZ": 1.3876443954546123e-16,
    "QSR": 1.247129736826179e-14,
    "GM": 0.006618513353924436,
    "F": 4.2448219194780635e-15,
    "RIVN": 9.456131040752504e-17,
    "LCID": 6.3432896808363825e-15,
    "NIO": 1.1116458752937429e-14,
    "XPEV": 1.5136711632529354e-15,
    "LI": 4.936964836069647e-16,
    "PG": 7.249651031541769e-15,
    "KO": 1.2234069732298862e-14,
    "PEP": 8.739853697863274e-15,
    "PM": 1.2341189511205703e-14,
    "MO": 0.08822785544269698,
    "CL": 6.06339598850901e-15,
    "EL": 8.684923855679719e-16,
    "CHD": 4.254095912918628e-15,
    "CLX": 6.50509905341237e-16,
    "GIS": 1.1052296264543338e-16,
    "GE": 6.201825573857834e-15,
    "CAT": 0.01640300610814398,
    "DE": 6.458228680371137e-15,
    "HON": 6.4192237939938895e-15,
    "UNP": 6.614561755474827e-15,
    "UPS": 4.274437352176468e-15,
    "FDX": 1.1338170388029962e-14,
    "LMT": 9.240796148918368e-15,
    "RTX": 9.663359028613038e-15,
    "NOC": 1.0355379816483302e-14,
    "GD": 3.755732718538427e-15,
    "BA": 7.212683045983513e-15,
    "MMM": 6.358153336979338e-17,
    "EMR": 4.738314317574817e-16,
    "ETN": 7.06722553712358e-16,
    "PH": 8.987705961143693e-15,
    "ROK": 6.155065582332804e-15,
    "ITW": 3.046372897917866e-15,
    "IR": 7.139297376761136e-16,
    "DOV": 3.8593248374776706e-15,
    "WM": 1.2269875189282162e-14,
    "LIN": 9.238576654183622e-15,
    "APD": 3.809448325167061e-15,
    "SHW": 4.6754099642560316e-15,
    "FCX": 2.61755669934396e-16,
    "NEM": 1.7282250837930499e-15,
    "NUE": 0.005056486837510856,
    "VMC": 5.883040003185824e-15,
    "MLM": 8.758683992663744e-15,
    "ALB": 0.009355585639243696,
    "MOS": 1.2317294923191811e-15,
    "NEE": 1.231923588618617e-14,
    "DUK": 1.4602127987885398e-14,
    "SO": 1.1799146646835334e-14,
    "D": 1.317620503055275e-14,
    "AEP": 0.019180453636240498,
    "EXC": 1.0879170362024179e-14,
    "XEL": 1.0790541361140017e-14,