{
  "timestamp": "2026-04-23T23:14:02.371352Z",
  "total_value": 100000.0,
  "weights": {
    "SPY": 7.109900595607854e-15,
    "QQQ": 5.1891602152250944e-15,
    "IWM": 1.0767533158390575e-15,
    "DIA": 6.996106319845022e-15,
    "MDY": 3.3141183407463545e-15,
    "VTI": 4.0724672139625385e-15,
    "VOO": 6.588155551471468e-15,
    "VTV": 6.426231819989772e-15,
    "VUG": 4.6197910815396315e-15,
    "VNQ": 7.494034219347987e-15,
    "XLK": 4.4145090803115285e-15,
    "XLF": 4.9056126165238465e-15,
    "XLV": 4.1646549890406255e-15,
    "XLE": 9.045210746168448e-15,
    "XLY": 3.0676968075252624e-15,
    "XLP": 7.555107320477708e-15,
    "XLI": 4.971414821129073e-15,
    "XLB": 4.462615000284055e-15,
    "XLU": 8.706045780748112e-15,
    "XLRE": 6.74995277414994e-15,
    "XLC": 7.699698437133193e-15,
    "GDX": 9.34770574373346e-15,
    "GLD": 9.0282082589645e-15,
    "SLV": 5.259688074568728e-15,
    "USO": 0.0896854936150758,
    "UNG": 5.271569581191242e-15,
    "TLT": 1.11674315857519e-14,
    "IEF": 0.049757565407665544,
    "SHY": 1.1626036723965437e-14,
    "HYG": 9.672586585182928e-15,
    "LQD": 1.0486406930890983e-14,
    "BND": 1.1670657098569009e-14,
    "AGG": 1.1860011653127941e-14,
    "AAPL": 8.289141624285512e-15,
    "MSFT": 6.701467210999633e-15,
    "NVDA": 0.022110670973267122,
    "GOOGL": 0.07704123960353902,
    "GOOG": 3.3251856997542303e-12,
    "META": 4.565409259181392e-15,
    "AMZN": 5.026261640499782e-15,
    "TSLA": 5.6414542346062545e-15,
    "BRK-B": 6.15828984685465e-15,
    "AMD": 4.066420984542686e-15,
    "AVGO": 0.0030434475377313845,
    "ORCL": 5.4190025955628825e-15,
    "INTC": 1.1143634907334813e-13,
    "QCOM": 1.1230249741740076e-14,
    "TXN": 6.1185655234600106e-15,
    "MU": 0.03902888446390027,
    "ADI": 8.999114548588164e-15,
    "AMAT": 5.272359188999862e-15,
    "LRCX": 0.003649327438102721,
    "KLAC": 3.970062654236633e-15,
    "ASML": 4.4581603192968565e-15,
    "TSM": 6.025183539277644e-15,
    "MCHP": 2.2066102907962578e-16,
    "MPWR": 3.4690942146916435e-15,
    "ENPH": 1.857994676540909e-14,
    "FSLR": 4.5588214890972054e-15,
    "SEDG": 7.063552323582737e-14,
    "RUN": 1.4154494719608641e-14,
    "PLUG": 1.0051157628738148e-15,
    "CRM": 1.82281625435112e-15,
    "ADBE": 5.449477880397578e-16,
    "NOW": 9.564254017543038e-15,
    "INTU": 2.12164277650955e-15,
    "CDNS": 1.4463670817766102e-15,
    "SNPS": 3.1093042419750204e-15,
    "CTSH": 3.0940689904301607e-16,
    "EPAM": 4.8967893740454654e-15,
    "PLTR": 6.7503861739798486e-15,
    "CRWD": 9.573928908813196e-16,
    "NET": 7.36225427059076e-15,
    "SNOW": 8.714960603268308e-16,
    "DDOG": 4.331314373711315e-15,
    "PANW": 1.759411828937549e-15,
    "ZS": 2.8050469487916002e-15,
    "FTNT": 1.812711479853686e-15,
    "OKTA": 3.8678626653284004e-15,
    "TWLO": 0.010901706834498003,
    "MDB": 3.3126512037521594e-15,
    "HUBS": 1.7753272671580476e-14,
    "VEEV": 2.4346639078513718e-15,
    "WDAY": 4.800809005528956e-15,
    "ZM": 5.430478945798523e-15,
    "DOCU": 7.61709402262754e-15,
    "DT": 4.3198339555028896e-16,
    "AI": 4.6456132427647114e-14,
    "JPM": 6.33780835531758e-15,
    "BAC": 7.69813500914771e-15,
    "GS": 8.549383881251324e-15,
    "MS": 7.049323109562394e-15,
    "V": 4.162026583503257e-15,
    "MA": 5.726098169059992e-15,
    "C": 0.049285757760615466,
    "WFC": 2.9560558015619506e-15,
    "AXP": 5.816641762817139e-15,
    "BLK": 5.234375819450978e-16,
    "SCHW": 6.743516890739603e-15,
    "CB": 0.049439836745322846,
    "AON": 9.036471514717475e-15,
    "TRV": 1.185898604647777e-14,
    "PGR": 7.569451053118877e-15,
    "ALL": 0.016869651999532047,
    "MET": 1.2122747991396707e-15,
    "PRU": 4.409884992424232e-16,
    "HIG": 1.1610833860190625e-14,
    "SOFI": 6.012750914748995e-15,
    "AFRM": 2.5001959292348588e-15,
    "UPST": 2.55755804515581e-14,
    "NU": 3.740999543565195e-15,
    "COIN": 2.5767340039540498e-14,
    "HOOD": 6.997935094125756e-15,
    "PYPL": 4.288064224737154e-15,
    "JNJ": 0.0896854936150758,
    "UNH": 3.407064085281043e-15,
    "LLY": 2.5145019789809895e-15,
    "ABBV": 6.129042027968589e-15,
    "PFE": 6.2024529335199974e-15,
    "MRK": 1.0112150468517642e-14,
    "TMO": 8.153642635532242e-16,
    "DHR": 5.109360177046684e-15,
    "ABT": 7.829040668730035e-16,
    "AMGN": 6.680508121351038e-15,
    "GILD": 5.241601373632725e-15,
    "BIIB": 8.097626666181345e-15,
    "REGN": 5.0940288769535634e-15,
    "VRTX": 4.925364334685504e-15,
    "ISRG": 1.612068791807913e-15,
    "SYK": 4.053900440983883e-15,
    "BSX": 7.04167194321115e-15,
    "MDT": 1.92607579490905e-15,
    "MRNA": 1.2287120058932859e-14,
    "BNTX": 1.4672460006006628e-14,
    "NVAX": 2.1615482433430284e-14,
    "CVS": 1.1253699016248655e-14,
    "HUM": 2.290728222452245e-15,
    "ELV": 3.717307854199763e-15,
    "CNC": 8.073198082892028e-15,
    "CI": 1.6162439932108564e-15,
    "XOM": 1.0574797163019671e-14,
    "CVX": 1.199738584516478e-14,
    "COP": 4.24506508772541e-15,
    "SLB": 3.758074719793264e-15,
    "EOG": 5.2146442497259536e-15,
    "MPC": 8.826976437346212e-15,
    "VLO": 0.039023411771279486,
    "PSX": 6.919131604440509e-15,
    "OXY": 6.2633461947313315e-15,
    "HAL": 7.663111051203449e-15,
    "BKR": 8.515872378629158e-15,
    "DVN": 5.946427251407233e-15,
    "FANG": 5.555329160221736e-15,
    "APA": 7.820924296208977e-13,
    "BP": 1.1311541001663916e-14,
    "SHEL": 7.212355731300912e-15,
    "TTE": 0.012911608315706266,
    "ENB": 0.019939773501819334,
    "HD": 1.2845595464019857e-15,
    "WMT": 0.08155484100620917,
    "COST": 9.611403606602188e-15,
    "MCD": 8.45242580854509e-15,
    "NKE": 5.646161511493936e-15,
    "SBUX": 2.567369773314163e-15,
    "TGT": 7.76059481056153e-15,
    "LOW": 3.844774098444486e-15,
    "BKNG": 5.339055472736493e-15,
    "ABNB": 3.9049195945491136e-15,
    "TJX": 1.167511833267159e-14,
    "ROST": 1.0963003022392245e-14,
    "DLTR": 6.388832005083608e-15,
    "DG": 1.2749177617532597e-14,
    "YUM": 1.0585748129499251e-14,
    "CMG": 7.959010617978365e-15,
    "DPZ": 8.240298843617001e-16,
    "QSR": 1.2621845738459115e-14,
    "GM": 0.007621318099030979,
    "F": 3.587026181241789e-15,
    "RIVN": 2.00208639348202e-15,
    "LCID": 5.241898885790673e-14,
    "NIO": 8.661322248597391e-15,
    "XPEV": 1.3293609723813763e-14,
    "LI": 4.4162605005389975e-15,
    "PG": 7.689271369385615e-15,
    "KO": 1.1865079644634264e-14,
    "PEP": 9.037050051635479e-15,
    "PM": 1.1037039386605029e-14,
    "MO": 0.08740978285697852,
    "CL": 6.696921017852932e-15,
    "EL": 6.870653233688106e-15,
    "CHD": 5.298502698443573e-15,
    "CLX": 3.814407549271572e-15,
    "GIS": 2.83380764858234e-16,
    "GE": 6.321040511627289e-15,
    "CAT": 0.02072167922466992,
    "DE": 7.245820873475051e-15,
    "HON": 6.733442088205208e-15,
    "UNP": 7.250065807685244e-15,
    "UPS": 4.967675454607931e-15,
    "FDX": 1.1405640088963085e-14,
    "LMT": 8.834859738283086e-15,
    "RTX": 8.917345714224485e-15,
    "NOC": 8.716988004961778e-15,
    "GD": 4.883504376320812e-15,
    "BA": 5.778085986190568e-15,
    "MMM": 9.767831620620857e-16,
    "EMR": 1.3136391852279867e-15,
    "ETN": 2.864242270061448e-16,
    "PH": 9.208709757089228e-15,
    "ROK": 7.23652625517435e-15,
    "ITW": 4.1379540497948285e-15,
    "IR": 4.5740376137178984e-15,
    "DOV": 4.9172350923497156e-15,
    "WM": 1.1912416450962478e-14,
    "LIN": 9.703563760214578e-15,
    "APD": 5.635189053319778e-15,
    "SHW": 5.220202065454521e-15,
    "FCX": 2.9933283977653775e-15,
    "NEM": 3.601582802860868e-15,
    "NUE": 1.1788138424851583e-14,
    "VMC": 5.909339405983903e-15,
    "MLM": 8.374220181011667e-15,
    "ALB": 0.009973060571803671,
    "MOS": 8.248979858877361e-15,
    "NEE": 1.1494170853734165e-14,
    "DUK": 1.3139399939990952e-14,
    "SO": 1.1112994526093553e-14,
    "D": 1.2701129631542175e-14,
    "AEP": 0.0234532150746667,
    "EXC": 1.0472514203553202e-14,