{
  "timestamp": "2026-04-23T01:27:43.153334Z",
  "total_value": 100000.0,
  "weights": {
    "SPY": 5.0200331604532675e-14,
    "QQQ": 3.535726719719652e-14,
    "IWM": 8.55652421336716e-15,
    "DIA": 5.004235192141764e-14,
    "MDY": 2.248247779444668e-14,
    "VTI": 4.3740089151984884e-14,
    "VOO": 4.5042571514911e-14,
    "VTV": 4.893015812455449e-14,
    "VUG": 3.9464087235192214e-14,
    "VNQ": 5.474503420334157e-14,
    "XLK": 2.8537313630400536e-14,
    "XLF": 4.061923405481152e-14,
    "XLV": 3.0074277082658844e-14,
    "XLE": 7.118795057709208e-14,
    "XLY": 2.1294015255430482e-14,
    "XLP": 7.034199426156088e-14,
    "XLI": 4.38612292045392e-14,
    "XLB": 4.0758361125419506e-14,
    "XLU": 7.335015682815265e-14,
    "XLRE": 5.62016478086176e-14,
    "XLC": 6.420403359037282e-14,
    "GDX": 7.794856010496319e-14,
    "GLD": 7.969607236016859e-14,
    "SLV": 7.91353534699506e-14,
    "USO": 0.0901369257236995,
    "UNG": 3.646007279838283e-14,
    "TLT": 9.300759246145352e-14,
    "IEF": 0.07639403767484694,
    "SHY": 8.956774661712346e-14,
    "HYG": 7.449003067902284e-14,
    "LQD": 8.271779379436118e-14,
    "BND": 9.045172773964653e-14,
    "AGG": 9.359561153941675e-14,
    "AAPL": 6.098683532729943e-14,
    "MSFT": 6.632284342087215e-14,
    "NVDA": 0.006683946543005724,
    "GOOGL": 0.08764023610622831,
    "GOOG": 0.0,
    "META": 3.127722316467347e-14,
    "AMZN": 3.698580875014758e-14,
    "TSLA": 0.0,
    "BRK-B": 5.08537433499258e-14,
    "AMD": 1.778892649809946e-14,
    "AVGO": 0.004921804647118186,
    "ORCL": 0.0,
    "INTC": 1.6532555570928946e-12,
    "QCOM": 0.0,
    "TXN": 2.0934652512918627e-14,
    "MU": 0.0420873940608385,
    "ADI": 6.27142769446861e-14,
    "AMAT": 2.1065581218311004e-14,
    "LRCX": 0.0028083907486256407,
    "KLAC": 1.449348586866251e-14,
    "ASML": 1.8883939717788278e-14,
    "TSM": 3.0436549288462493e-14,
    "MCHP": 0.0,
    "MPWR": 5.416511805990673e-15,
    "ENPH": 0.0,
    "FSLR": 0.0,
    "SEDG": 1.3509758275626146e-13,
    "RUN": 0.0,
    "PLUG": 1.5107752922847566e-14,
    "CRM": 0.0,
    "ADBE": 1.4092776832365668e-14,
    "NOW": 0.0,
    "INTU": 1.9911648797656405e-14,
    "CDNS": 0.0,
    "SNPS": 0.0,
    "CTSH": 0.0,
    "EPAM": 0.0,
    "PLTR": 0.0,
    "CRWD": 0.0,
    "NET": 4.996527727112609e-14,
    "SNOW": 0.0,
    "DDOG": 4.4304367049784956e-14,
    "PANW": 2.8116889472713477e-14,
    "ZS": 0.0,
    "FTNT": 0.0,
    "OKTA": 0.0,
    "TWLO": 0.009462993770538018,
    "MDB": 2.7754335946763353e-14,
    "HUBS": 0.0,
    "VEEV": 0.0,
    "WDAY": 0.0,
    "ZM": 5.6539009291291723e-14,
    "DOCU": 0.0,
    "DT": 5.574300137504902e-15,
    "AI": 0.0,
    "JPM": 5.381944612322227e-14,
    "BAC": 6.478177842683508e-14,
    "GS": 6.372304578296084e-14,
    "MS": 6.075442960614385e-14,
    "V": 3.599634819160556e-14,
    "MA": 4.5023366863324446e-14,
    "C": 0.06859772264835977,
    "WFC": 2.860101915869838e-14,
    "AXP": 4.410420609505937e-14,
    "BLK": 2.871619245194868e-15,
    "SCHW": 6.0199773156542e-14,
    "CB": 0.014326652145949293,
    "AON": 6.706811163756769e-14,
    "TRV": 9.599872832874764e-14,
    "PGR": 7.005129438324713e-14,
    "ALL": 0.021416115049808393,
    "MET": 1.2278362794622942e-14,
    "PRU": 0.0,
    "HIG": 9.120592548300425e-14,
    "SOFI": 0.0,
    "AFRM": 1.669466357769093e-14,
    "UPST": 0.0,
    "NU": 0.0,
    "COIN": 0.0,
    "HOOD": 0.0,
    "PYPL": 0.0,
    "JNJ": 0.0901369257236995,
    "UNH": 0.0,
    "LLY": 2.170541060332889e-14,
    "ABBV": 4.560376239137468e-14,
    "PFE": 4.9465278257366187e-14,
    "MRK": 7.199617683413539e-14,
    "TMO": 3.2916310202793345e-15,
    "DHR": 0.0,
    "ABT": 1.6839036216975633e-15,
    "AMGN": 4.7154369135194984e-14,
    "GILD": 3.500303205939779e-14,
    "BIIB": 4.956091551089461e-14,
    "REGN": 3.159764957712837e-14,
    "VRTX": 0.0,
    "ISRG": 2.944048724322417e-17,
    "SYK": 3.285392785398449e-14,
    "BSX": 0.0,
    "MDT": 1.2904922888534247e-14,
    "MRNA": 0.0,
    "BNTX": 0.0,
    "NVAX": 0.0,
    "CVS": 9.224311405735735e-14,
    "HUM": 0.0,
    "ELV": 0.0,
    "CNC": 0.0,
    "CI": 2.131263348879151e-14,
    "XOM": 9.043223885865311e-14,
    "CVX": 1.0170399104306949e-13,
    "COP": 3.817329751909721e-14,
    "SLB": 2.887240435828554e-14,
    "EOG": 4.595934578006046e-14,
    "MPC": 7.186576732327074e-14,
    "VLO": 0.04145155303475164,
    "PSX": 5.6565788227990117e-14,
    "OXY": 5.051351885686011e-14,
    "HAL": 5.69926252297517e-14,
    "BKR": 5.837738817302087e-14,
    "DVN": 4.5235898211313987e-14,
    "FANG": 4.433761435802315e-14,
    "APA": 0.0007113073465086801,
    "BP": 9.218983038687546e-14,
    "SHEL": 6.23437182911596e-14,
    "TTE": 0.010121216644995401,
    "ENB": 0.02926697644252658,
    "HD": 1.6759067604503736e-14,
    "WMT": 0.07728160530563523,
    "COST": 7.762991883201258e-14,
    "MCD": 6.812964825198306e-14,
    "NKE": 0.0,
    "SBUX": 2.1726214783524832e-14,
    "TGT": 5.888121814637138e-14,
    "LOW": 3.7315508430867894e-14,
    "BKNG": 3.537972205048593e-14,
    "ABNB": 3.332276840022969e-14,
    "TJX": 9.545050589260422e-14,
    "ROST": 8.911226955669253e-14,
    "DLTR": 4.987276177727015e-14,
    "DG": 0.0,
    "YUM": 8.517507576557018e-14,
    "CMG": 0.0,
    "DPZ": 0.0,
    "QSR": 0.0016988679114085302,
    "GM": 3.525283575545829e-12,
    "F": 2.5901733457043478e-14,
    "RIVN": 0.0,
    "LCID": 0.0,
    "NIO": 5.5357725319207046e-14,
    "XPEV": 0.0,
    "LI": 0.0,
    "PG": 6.008145870425144e-14,
    "KO": 9.314055575833276e-14,
    "PEP": 7.209873717024894e-14,
    "PM": 8.9155612207236e-14,
    "MO": 0.08271600550611634,
    "CL": 5.696168797913146e-14,
    "EL": 0.0,
    "CHD": 4.238585930557781e-14,
    "CLX": 0.0,
    "GIS": 1.4366658019975718e-15,
    "GE": 4.411280702767038e-14,
    "CAT": 0.024275808194854514,
    "DE": 5.582804054502527e-14,
    "HON": 5.136374472653857e-14,
    "UNP": 4.832862886214859e-14,
    "UPS": 2.6651169026248258e-14,
    "FDX": 8.71449181605961e-14,
    "LMT": 6.402215995469263e-14,
    "RTX": 6.693012732742017e-14,
    "NOC": 7.946106158698085e-14,
    "GD": 4.530484006984718e-14,
    "BA": 3.426664544054916e-14,
    "MMM": 3.1805697678315345e-16,
    "EMR": 1.3320492452817224e-14,
    "ETN": 0.0,
    "PH": 6.498573486455549e-14,
    "ROK": 5.4523271587045505e-14,
    "ITW": 3.042456378770244e-14,
    "IR": 0.0,
    "DOV": 2.7302226725854097e-14,
    "WM": 9.453825362984408e-14,
    "LIN": 8.17814885708689e-14,
    "APD": 5.678942049510077e-14,
    "SHW": 4.337393740895666e-14,
    "FCX": 1.7360755314583439e-15,
    "NEM": 0.0,
    "NUE": 8.577927543456626e-14,
    "VMC": 4.776240875178134e-14,
    "MLM": 6.561304720372708e-14,
    "ALB": 0.011809533596516144,
    "MOS": 0.0,
    "NEE": 9.657334234031462e-14,
    "DUK": 7.933807770724913e-14,
    "SO": 9.358324532053853e-14,
    "D": 9.954781477461383e-14,
    "AEP": 0.019896859987955064,
    "EXC": 8.472075748303507e-14,
    "XEL": 8.488304233722152e-14,
    "WEC": 8.567854842162547e-14,
    "ES": 6.455489995233493e-14,
    "ETR": 8.126021011288746e-14,
    "AWK": 9.88254181268768e-14,
    "O": 8.311088039016855e-14,
    "SPG": 9.050408724479208e-14,
    "PLD": 7.042751276944853e-14,
    "AMT": 6.419335552736141e-14,
    "CCI": 3.6897728270233843e-14,
    "EQIX": 9.286541392982455e-14,
    "DLR": 5.125071759200337e-14,
    "PSA": 3.7599858685266744e-14,
    "EQR": 3.2521284608976946e-14,
    "AVB": 6.121176984638742e-15,
    "NFLX": 4.8135038880923896e-14,
    "DIS": 4.52435412939636e-14,
    "CMCSA": 6.773991263948561e-14,
    "T": 0.016094408286275622,
    "VZ": 0.022002129281270266,
    "TMUS": 7.683110371929588e-14,
    "CHTR": 0.0,
    "WBD": 0.050066644423036134,
    "EWJ": 3.0956079575368336e-14,
    "EWG": 3.1720052093863826e-14,
    "EWQ": 3.184924222212642e-14,
    "EWU": 5.796756971982928e-14,
    "EWL": 6.203842280657458e-14,
    "EWI": 6.440109677004484e-14,
    "EWP": 7.676037617568432e-14,
    "EWN": 3.4051537437719326e-14,