{
  "timestamp": "2026-04-22T21:44:49.375649Z",
  "total_value": 100000.0,
  "weights": {
    "SPY": 1.1467084576625254e-15,
    "QQQ": 4.814105913169487e-16,
    "IWM": 4.25912101519468e-16,
    "DIA": 8.457095625374818e-16,
    "MDY": 2.811693139345782e-15,
    "VTI": 1.3110502736756848e-16,
    "VOO": 2.1329845709229406e-15,
    "VTV": 5.587904432581019e-16,
    "VUG": 6.847833949172412e-16,
    "VNQ": 0.0,
    "XLK": 8.7399520637932475e-16,
    "XLF": 8.315372646662896e-16,
    "XLV": 7.794464317801185e-16,
    "XLE": 1.9383818177222255e-15,
    "XLY": 1.3548145779137339e-16,
    "XLP": 4.2832331500612286e-16,
    "XLI": 5.19916150292499e-16,
    "XLB": 0.0,
    "XLU": 1.3924088541284924e-15,
    "XLRE": 1.0932985356368205e-15,
    "XLC": 9.868107453953586e-16,
    "GDX": 2.260336338566642e-15,
    "GLD": 1.3488829850921421e-15,
    "SLV": 8.813064750205474e-16,
    "USO": 0.08767096552747898,
    "UNG": 1.0151663130934166e-15,
    "TLT": 1.7031885614623453e-16,
    "IEF": 0.08432389803473439,
    "SHY": 1.3377256717980841e-15,
    "HYG": 1.1689525388036032e-15,
    "LQD": 1.6871887249046215e-15,
    "BND": 1.2141676720950166e-15,
    "AGG": 6.721765524446286e-16,
    "AAPL": 1.0113960078848215e-15,
    "MSFT": 1.0075244613771382e-15,
    "NVDA": 0.022337909681999595,
    "GOOGL": 0.07428127359955165,
    "GOOG": 0.0,
    "META": 6.305906240293508e-16,
    "AMZN": 1.1761605958765553e-15,
    "TSLA": 3.278029614385672e-16,
    "BRK-B": 1.0618442533073539e-16,
    "AMD": 5.986075182742902e-16,
    "AVGO": 0.0032564128541165043,
    "ORCL": 0.0,
    "INTC": 5.102836615378606e-15,
    "QCOM": 0.0,
    "TXN": 1.3102794982917045e-15,
    "MU": 0.03658627899151452,
    "ADI": 8.154654012523341e-16,
    "AMAT": 7.950127981851266e-16,
    "LRCX": 0.00888127897678495,
    "KLAC": 8.544259062596005e-16,
    "ASML": 3.0055978356015637e-16,
    "TSM": 9.313055789020586e-16,
    "MCHP": 4.780862911120701e-16,
    "MPWR": 3.746885567654069e-16,
    "ENPH": 0.0,
    "FSLR": 0.0,
    "SEDG": 8.463304228713184e-16,
    "RUN": 0.0,
    "PLUG": 4.738299634059101e-16,
    "CRM": 0.0,
    "ADBE": 4.4215052612483484e-16,
    "NOW": 0.0,
    "INTU": 2.4353469359953033e-16,
    "CDNS": 9.615082218211451e-18,
    "SNPS": 6.339130413515685e-16,
    "CTSH": 0.0,
    "EPAM": 4.849651326556753e-16,
    "PLTR": 0.0,
    "CRWD": 8.178305117814476e-16,
    "NET": 1.5827487614924485e-15,
    "SNOW": 0.0,
    "DDOG": 2.606410127664158e-16,
    "PANW": 0.0,
    "ZS": 2.8754347937095467e-16,
    "FTNT": 0.0,
    "OKTA": 1.808381497356882e-17,
    "TWLO": 0.015589023323155923,
    "MDB": 1.8610929657028974e-16,
    "HUBS": 0.0,
    "VEEV": 0.0,
    "WDAY": 7.940034093701179e-17,
    "ZM": 3.125978973489746e-16,
    "DOCU": 0.0,
    "DT": 0.0,
    "AI": 0.0,
    "JPM": 1.007747099671119e-15,
    "BAC": 1.3126980638953687e-15,
    "GS": 5.909235092997076e-16,
    "MS": 7.918247731204493e-16,
    "V": 2.932357513960996e-16,
    "MA": 1.3128333972236117e-16,
    "C": 0.04589650610443322,
    "WFC": 3.849302252971401e-16,
    "AXP": 2.669169020509212e-16,
    "BLK": 5.45621551306527e-16,
    "SCHW": 1.094679810642094e-15,
    "CB": 0.039083842434535554,
    "AON": 1.0768117013601269e-15,
    "TRV": 9.669738865704869e-16,
    "PGR": 7.48363213254083e-16,
    "ALL": 0.018411560071802127,
    "MET": 4.416918342339172e-16,
    "PRU": 0.0,
    "HIG": 1.0158427854382576e-15,
    "SOFI": 1.0631614012039945e-16,
    "AFRM": 2.2914964380980453e-16,
    "UPST": 0.0,
    "NU": 0.0,
    "COIN": 0.0,
    "HOOD": 0.0,
    "PYPL": 6.705871056896755e-16,
    "JNJ": 0.08767096552747898,
    "UNH": 0.0,
    "LLY": 6.214858544072299e-16,
    "ABBV": 6.796108224008683e-16,
    "PFE": 5.769076265570302e-16,
    "MRK": 1.0089603322341794e-15,
    "TMO": 0.0,
    "DHR": 0.0,
    "ABT": 4.0888999406889803e-16,
    "AMGN": 7.717827573132426e-16,
    "GILD": 7.660501610795631e-16,
    "BIIB": 2.6741131431794056e-16,
    "REGN": 6.398088559958215e-16,
    "VRTX": 0.0,
    "ISRG": 5.618699972478703e-16,
    "SYK": 4.937881738005997e-16,
    "BSX": 0.0,
    "MDT": 4.2077583348981076e-16,
    "MRNA": 0.0,
    "BNTX": 0.0,
    "NVAX": 0.0,
    "CVS": 1.333820747087124e-15,
    "HUM": 0.0,
    "ELV": 0.0,
    "CNC": 0.0,
    "CI": 0.0,
    "XOM": 1.2357834934254953e-15,
    "CVX": 2.0942442860019124e-15,
    "COP": 1.6984938770159826e-16,
    "SLB": 7.600177753176925e-16,
    "EOG": 5.806867779997799e-16,
    "MPC": 1.6814283043688157e-15,
    "VLO": 0.032003451860460184,
    "PSX": 5.950621237882954e-16,
    "OXY": 3.121921672924792e-16,
    "HAL": 7.611746348448792e-16,
    "BKR": 1.2292319965438198e-15,
    "DVN": 5.541159500325157e-16,
    "FANG": 6.651648552824248e-16,
    "APA": 0.0026522908652798377,
    "BP": 1.151305594770408e-15,
    "SHEL": 8.2828427591720605e-16,
    "TTE": 0.013555201839542967,
    "ENB": 0.03166973550548267,
    "HD": 0.0,
    "WMT": 0.07782188827844753,
    "COST": 1.1425129766293344e-15,
    "MCD": 8.413961531413203e-16,
    "NKE": 0.0,
    "SBUX": 2.379677816687882e-16,
    "TGT": 1.7148744780505712e-15,
    "LOW": 7.689040971174952e-16,
    "BKNG": 7.624405483920805e-16,
    "ABNB": 4.488414839371229e-16,
    "TJX": 7.168345939658064e-16,
    "ROST": 1.9003418984228e-15,
    "DLTR": 1.1459134919387719e-15,
    "DG": 1.7556477805229858e-15,
    "YUM": 1.350077006097109e-15,
    "CMG": 0.0,
    "DPZ": 0.0,
    "QSR": 1.8284589232858383e-15,
    "GM": 0.007964535737136997,
    "F": 1.737531329986637e-16,
    "RIVN": 2.738408921792608e-16,
    "LCID": 0.0,
    "NIO": 1.83922368702474e-15,
    "XPEV": 0.0,
    "LI": 0.0,
    "PG": 5.723810038191668e-16,
    "KO": 1.7289095727128737e-15,
    "PEP": 1.029206137152525e-15,
    "PM": 1.403506215363997e-15,
    "MO": 0.08525933635922273,
    "CL": 7.292661225376294e-16,
    "EL": 0.0,
    "CHD": 2.531475876202011e-16,
    "CLX": 0.0,
    "GIS": 3.951288173396269e-16,
    "GE": 7.355841888844164e-16,
    "CAT": 0.020361663899593173,
    "DE": 9.90136105646533e-16,
    "HON": 1.1738612449578678e-15,
    "UNP": 1.0157690267491741e-15,
    "UPS": 4.4144683624849346e-16,
    "FDX": 9.091187810873626e-16,
    "LMT": 1.3376580180560843e-15,
    "RTX": 9.762201630858459e-16,
    "NOC": 1.0198580692961609e-15,
    "GD": 8.762377552850723e-16,
    "BA": 6.321230415004313e-16,
    "MMM": 0.0,
    "EMR": 2.618260286451659e-16,
    "ETN": 5.938410488520175e-16,
    "PH": 1.1523134863626317e-15,
    "ROK": 1.0913763870889434e-15,
    "ITW": 6.67128101035389e-16,
    "IR": 0.0,
    "DOV": 6.965510242888142e-16,
    "WM": 1.2673522370420966e-15,
    "LIN": 6.891820757257363e-16,
    "APD": 6.049440518525537e-16,
    "SHW": 0.0,
    "FCX": 0.0,
    "NEM": 0.0,
    "NUE": 0.002223789580229277,
    "VMC": 6.501769272882875e-16,
    "MLM": 8.865049222837755e-16,
    "ALB": 0.01022003593578419,
    "MOS": 0.0,
    "NEE": 1.2129933098360315e-15,
    "DUK": 9.527919330108305e-16,
    "SO": 9.667820214775664e-16,
    "D": 1.9985141360753612e-15,
    "AEP": 0.013801830120107593,
    "EXC": 7.972965739404977e-16,
    "XEL": 1.1947115941522987e-15,
    "WEC": 4.479222132452902e-16,
    "ES": 7.709387139411308e-16,
    "ETR": 1.4569371503670419e-15,
    "AWK": 1.3843510572766318e-15,
    "O": 1.1784168295745428e-15,
    "SPG": 1.0522291970594757e-15,
    "PLD": 9.083398957238111e-16,
    "AMT": 1.3043883469405919e-15,
    "CCI": 4.850040686442091e-16,
    "EQIX": 1.4320922514281131e-15,
    "DLR": 8.044815652614832e-16,
    "PSA": 0.0,
    "EQR": 2.9280007803103866e-16,
    "AVB": 0.0,
    "NFLX": 7.182202882117767e-16,
    "DIS": 3.455598442263885e-16,
    "CMCSA": 7.716850328175196e-16,
    "T": 0.015712428457982486,
    "VZ": 0.013764662914677836,
    "TMUS": 1.2501566586041045e-15,
    "CHTR": 0.0,
    "WBD": 0.03708652375573173,
    "EWJ": 4.3939810730179593e-16,
    "EWG": 9.376902088446799e-16,
    "EWQ": 8.610819054025412e-16,
    "EWU": 9.455437564912695e-16,
    "EWL": 8.403595980614005e-16,
    "EWI": 1.033411288289176e-15,
    "EWP": 1.1645724676820155e-15,