{
  "timestamp": "2026-04-24T00:04:38.110517Z",
  "total_value": 100000.0,
  "weights": {
    "SPY": 0.0,
    "QQQ": 0.0,
    "IWM": 0.0,
    "DIA": 0.0,
    "MDY": 0.0,
    "VTI": 0.0,
    "VOO": 0.0,
    "VTV": 3.3170304184464454e-15,
    "VUG": 0.0,
    "VNQ": 0.0,
    "XLK": 0.0,
    "XLF": 0.0,
    "XLV": 0.0,
    "XLE": 0.0,
    "XLY": 0.0,
    "XLP": 0.0,
    "XLI": 0.0,
    "XLB": 0.0,
    "XLU": 0.0,
    "XLRE": 0.0,
    "XLC": 0.0,
    "GDX": 0.0,
    "GLD": 0.0,
    "SLV": 0.0,
    "USO": 0.09083692810546112,
    "UNG": 0.0,
    "TLT": 0.0,
    "IEF": 0.061821174247162054,
    "SHY": 0.0,
    "HYG": 0.0,
    "LQD": 0.0,
    "BND": 0.0,
    "AGG": 0.0,
    "AAPL": 0.0,
    "MSFT": 0.0,
    "NVDA": 0.006797031357881198,
    "GOOGL": 0.08869432016374931,
    "GOOG": 7.890751367498617e-13,
    "META": 0.0,
    "AMZN": 0.0,
    "TSLA": 2.0766456327107725e-15,
    "BRK-B": 0.0,
    "AMD": 0.0,
    "AVGO": 0.004720847526193838,
    "ORCL": 1.2888775161984838e-16,
    "INTC": 0.0,
    "QCOM": 2.511834632546639e-15,
    "TXN": 0.0,
    "MU": 0.0432456486890143,
    "ADI": 0.0,
    "AMAT": 0.0,
    "LRCX": 0.0,
    "KLAC": 0.0,
    "ASML": 0.0,
    "TSM": 0.0,
    "MCHP": 0.0,
    "MPWR": 0.0,
    "ENPH": 5.0748259383722806e-15,
    "FSLR": 1.2071061275363583e-15,
    "SEDG": 0.0,
    "RUN": 2.6264810531747126e-15,
    "PLUG": 0.0,
    "CRM": 2.1709006118873778e-16,
    "ADBE": 0.0,
    "NOW": 2.1885788981579754e-15,
    "INTU": 0.0,
    "CDNS": 2.6882154555026836e-16,
    "SNPS": 9.606753338108812e-16,
    "CTSH": 1.8786049530577086e-16,
    "EPAM": 1.6492668103662272e-15,
    "PLTR": 1.4765897669915317e-15,
    "CRWD": 0.0,
    "NET": 0.0,
    "SNOW": 0.0,
    "DDOG": 0.0,
    "PANW": 0.0,
    "ZS": 1.3229527786838461e-15,
    "FTNT": 1.0142712934316763e-15,
    "OKTA": 1.9952126928763464e-15,
    "TWLO": 0.007043497196049024,
    "MDB": 0.0,
    "HUBS": 4.3542768450771545e-15,
    "VEEV": 4.250568996345427e-16,
    "WDAY": 1.339871373199419e-15,
    "ZM": 0.0,
    "DOCU": 2.448198647531822e-15,
    "DT": 1.210061054948993e-16,
    "AI": 1.0868258271194443e-14,
    "JPM": 0.0,
    "BAC": 0.0,
    "GS": 0.0,
    "MS": 0.0,
    "V": 0.0,
    "MA": 0.0,
    "C": 0.06817399415780778,
    "WFC": 0.0,
    "AXP": 0.0,
    "BLK": 6.796215398484424e-17,
    "SCHW": 0.0,
    "CB": 0.019937401125250307,
    "AON": 0.0,
    "TRV": 0.0,
    "PGR": 0.0,
    "ALL": 0.019497967935902746,
    "MET": 0.0,
    "PRU": 0.0,
    "HIG": 0.0,
    "SOFI": 1.7146827618364847e-15,
    "AFRM": 7.5830996115889e-16,
    "UPST": 7.087974877490373e-15,
    "NU": 7.996752144906917e-16,
    "COIN": 6.908761770138702e-15,
    "HOOD": 2.9096643574605333e-15,
    "PYPL": 4.3867478043266956e-16,
    "JNJ": 0.09083692810546112,
    "UNH": 3.969272378796986e-16,
    "LLY": 0.0,
    "ABBV": 0.0,
    "PFE": 0.0,
    "MRK": 0.0,
    "TMO": 0.0,
    "DHR": 1.0311976969860558e-15,
    "ABT": 1.1529233710910958e-16,
    "AMGN": 0.0,
    "GILD": 0.0,
    "BIIB": 0.0,
    "REGN": 0.0,
    "VRTX": 1.6351316509472676e-15,
    "ISRG": 4.290111746987828e-17,
    "SYK": 0.0,
    "BSX": 2.0272824556682997e-15,
    "MDT": 0.0,
    "MRNA": 1.6453822286321267e-15,
    "BNTX": 3.263884242907823e-15,
    "NVAX": 5.257076010694042e-15,
    "CVS": 0.0,
    "HUM": 0.0,
    "ELV": 2.012581415039642e-16,
    "CNC": 1.7553462547911056e-15,
    "CI": 0.0,
    "XOM": 0.0,
    "CVX": 0.0,
    "COP": 0.0,
    "SLB": 0.0,
    "EOG": 0.0,
    "MPC": 0.0,
    "VLO": 0.04247563894492405,
    "PSX": 0.0,
    "OXY": 0.0,
    "HAL": 0.0,
    "BKR": 0.0,
    "DVN": 0.0,
    "FANG": 0.0,
    "APA": 1.9950883629424424e-13,
    "BP": 0.0,
    "SHEL": 0.0,
    "TTE": 0.009248675376071427,
    "ENB": 0.025643041739319847,
    "HD": 0.0,
    "WMT": 0.07701571904122866,
    "COST": 0.0,
    "MCD": 0.0,
    "NKE": 1.91658408315901e-15,
    "SBUX": 0.0,
    "TGT": 0.0,
    "LOW": 0.0,
    "BKNG": 0.0,
    "ABNB": 0.0,
    "TJX": 0.0,
    "ROST": 0.0,
    "DLTR": 0.0,
    "DG": 0.0,
    "YUM": 0.0,
    "CMG": 1.8522980212279883e-15,
    "DPZ": 5.981129404958813e-16,
    "QSR": 0.007035550957074313,
    "GM": 0.0,
    "F": 0.0,
    "RIVN": 8.7736847312713e-16,
    "LCID": 1.500890911184396e-14,
    "NIO": 0.0,
    "XPEV": 2.4577030034699715e-15,
    "LI": 1.4130748799360469e-15,
    "PG": 0.0,
    "KO": 0.0,
    "PEP": 0.0,
    "PM": 0.0,
    "MO": 0.08527497054029266,
    "CL": 0.0,
    "EL": 1.0813710452919196e-15,
    "CHD": 0.0,
    "CLX": 3.452076423869199e-16,
    "GIS": 0.0,
    "GE": 0.0,
    "CAT": 0.027432468852891346,
    "DE": 0.0,
    "HON": 0.0,
    "UNP": 0.0,
    "UPS": 0.0,
    "FDX": 1.628443084836629e-14,
    "LMT": 0.0,
    "RTX": 0.0,
    "NOC": 0.0,
    "GD": 0.0,
    "BA": 0.0,
    "MMM": 1.8087448356659588e-16,
    "EMR": 0.0,
    "ETN": 1.0207864640387502e-16,
    "PH": 0.0,
    "ROK": 0.0,
    "ITW": 0.0,
    "IR": 1.8471200659921057e-15,
    "DOV": 0.0,
    "WM": 0.0,
    "LIN": 0.0,
    "APD": 0.0,
    "SHW": 0.0,
    "FCX": 2.2388204317183816e-17,
    "NEM": 1.0586032164523131e-14,
    "NUE": 0.0,
    "VMC": 0.0,
    "MLM": 0.0,
    "ALB": 0.011379156537062292,
    "MOS": 2.101026911295094e-15,
    "NEE": 1.1964690744438239e-14,
    "DUK": 0.0,
    "SO": 0.0,
    "D": 0.0,
    "AEP": 0.02401347992789889,
    "EXC": 0.0,
    "XEL": 0.0,
    "WEC": 0.0,
    "ES": 0.0,
    "ETR": 0.0,
    "AWK": 0.0,
    "O": 0.0,
    "SPG": 0.0,
    "PLD": 0.0,
    "AMT": 0.0,
    "CCI": 0.0,
    "EQIX": 0.0,
    "DLR": 0.0,
    "PSA": 0.0,
    "EQR": 0.0,
    "AVB": 0.0,
    "NFLX": 0.0,
    "DIS": 0.0,
    "CMCSA": 0.0,
    "T": 0.015566927662719273,
    "VZ": 0.02267864389478113,
    "TMUS": 0.0,
    "CHTR": 1.2598233159379442e-15,
    "WBD": 0.05073482717988273,
    "EWJ": 0.0,
    "EWG": 0.0,
    "EWQ": 0.0,
    "EWU": 0.0,
    "EWL": 0.0,
    "EWI": 0.0,
    "EWP": 0.0,
    "EWN": 0.0,
    "EWD": 0.0,
    "FXI": 0.0,
    "KWEB": 1.9291165281768063e-15,
    "EWT": 0.0,
    "EWY": 0.033157675621190555,
    "EWA": 0.0,
    "EWH": 0.0,
    "EWS": 0.0,
    "EPI": 0.0,
    "INDA": 0.0,
    "EWZ": 0.0,
    "EWC": 0.0,
    "EWW": 0.0,
    "EZA": 0.0,
    "EEM": 0.0,
    "VEA": 0.0,
    "VWO": 0.0,
    "IEFA": 0.0,
    "IEMG": 0.0,
    "ACWI": 0.0,
    "KSA": 0.0,
    "UAE": 0.0,
    "AFK": 0.0,
    "EWM": 0.0,
    "BABA": 1.2420188281133459e-15,
    "JD": 1.3199825289574258e-15,
    "PDD": 7.8214972601126865e-16,
    "NTES": 0.0,
    "TCEHY": 1.144392373713108e-15,
    "BIDU": 1.4076659057483704e-16,
    "BILI": 2.0395280506622895e-15,
    "TME": 3.386225285030398e-15,
    "IQ": 4.94383313774025e-15,
    "HUYA": 0.0,
    "DOYU": 3.5388783660017925e-15,
    "VNET": 6.3737309785386866e-15,
    "GDS": 1.1471231475462016e-15,
    "BEKE": 2.5005116580168106e-15,
    "GRAB": 3.184731010062756e-15,
    "SEA": 0.0,
    "SHOP": 1.0178877842528733e-15,
    "MELI": 8.394527637200782e-16,
    "VALE": 0.0,
    "PBR": 0.0,
    "ITUB": 0.0,
    "BBD": 0.0,
    "GLOB": 6.248865913904758e-15,
    "VTEX": 3.470505262630072e-15,
    "ARCO": 0.0,
    "TS": 0.0,
    "LOMA": 1.5882992214353708e-15,
    "MARA": 1.1944368712574217e-14,
    "RIOT": 4.871196697868591e-15,
    "IBIT": 5.157755123229295e-15,
    "GBTC": 5.113211169111381e-15,
    "FBTC": 4.789408195058901e-15,
    "BTCO": 4.8002183186264e-15,
    "ARKB": 5.2113349646453756e-15,
    "HUT": 1.4072996047575523e-13,
    "BITF": 7.202367226390573e-15,
    "CLSK": 9.447622950919827e-15,
    "CIFR": 2.2556090977377413e-13,
    "IREN": 0.00576241579369085,
    "CORZ": 0.0,
    "RXRX": 1.364427523408185e-14,
    "BEAM": 4.225301598218588e-15,
    "EDIT": 5.198614021497312e-15,
    "CRSP": 3.2343770619994284e-15,
    "FATE": 6.0682962724673166e-15,
    "ACAD": 0.0,
    "ALNY": 0.0,
    "IONS": 0.019267478266490962,
    "EXEL": 0.0,
    "FOLD": 0.0072079124114544126,
    "RARE": 5.983412228940442e-15,
    "ARWR": 0.034499678527600955,
    "CLOV": 3.845283979231854e-15,
    "HERO": 0.0,
    "OPEN": 2.2390385429357882e-13,
    "SKLZ": 3.051347207483431e-15,
    "DKNG": 2.233962154047138e-15,