{
  "timestamp": "2026-04-22T23:33:37.009660Z",
  "total_value": 100000.0,
  "weights": {
    "SPY": 3.905618926914588e-15,
    "QQQ": 3.04296153295803e-15,
    "IWM": 7.194042865904643e-16,
    "DIA": 4.3259391111044325e-15,
    "MDY": 1.986261085195327e-15,
    "VTI": 3.636235143215352e-15,
    "VOO": 3.980173906580899e-15,
    "VTV": 4.592656362687009e-15,
    "VUG": 3.4923246542904593e-15,
    "VNQ": 5.066722637984704e-15,
    "XLK": 2.6775654493687206e-15,
    "XLF": 3.90465401032745e-15,
    "XLV": 2.565241586139434e-15,
    "XLE": 6.209474232802983e-15,
    "XLY": 1.865383116561828e-15,
    "XLP": 5.646455216390069e-15,
    "XLI": 3.826069131347974e-15,
    "XLB": 3.630422702155737e-15,
    "XLU": 6.659071543853939e-15,
    "XLRE": 4.86117933266486e-15,
    "XLC": 5.638989685751865e-15,
    "GDX": 6.946478684252893e-15,
    "GLD": 7.412423943924921e-15,
    "SLV": 6.3318596622124925e-15,
    "USO": 0.08855549440432767,
    "UNG": 2.5870788660348865e-15,
    "TLT": 8.091959659338754e-15,
    "IEF": 0.08855549440432767,
    "SHY": 7.801609267490022e-15,
    "HYG": 6.522864995878233e-15,
    "LQD": 7.325699263704931e-15,
    "BND": 7.93348492991346e-15,
    "AGG": 7.808244521481341e-15,
    "AAPL": 5.494895305689121e-15,
    "MSFT": 5.936654371717032e-15,
    "NVDA": 0.005875432714997466,
    "GOOGL": 0.08582260648303675,
    "GOOG": 4.066394986436601e-05,
    "META": 2.7741988927407696e-15,
    "AMZN": 3.29904352139729e-15,
    "TSLA": 7.06732063920547e-14,
    "BRK-B": 4.4377495835427405e-15,
    "AMD": 1.6356795492563608e-15,
    "AVGO": 0.005875975072161529,
    "ORCL": 2.8870873752956616e-14,
    "INTC": 1.471665620740911e-13,
    "QCOM": 1.2193534269757064e-13,
    "TXN": 2.3141867799630368e-15,
    "MU": 0.03981687578591026,
    "ADI": 5.983661230080468e-15,
    "AMAT": 1.814456662899827e-15,
    "LRCX": 0.006340288420167216,
    "KLAC": 1.3343629516689024e-15,
    "ASML": 1.4030258187952037e-15,
    "TSM": 2.658147150109773e-15,
    "MCHP": 1.2289713306987141e-14,
    "MPWR": 1.0401002999818302e-15,
    "ENPH": 1.93785078012118e-13,
    "FSLR": 6.404001257593714e-14,
    "SEDG": 2.9967885790423937e-15,
    "RUN": 1.3233264750932645e-13,
    "PLUG": 1.3246858169997226e-15,
    "CRM": 1.1558218655018514e-15,
    "ADBE": 1.2749895266238058e-15,
    "NOW": 4.831940854444186e-14,
    "INTU": 1.996077744342492e-15,
    "CDNS": 3.4894682632482896e-15,
    "SNPS": 5.370083999954353e-14,
    "CTSH": 6.98057093536409e-15,
    "EPAM": 6.847760707683318e-14,
    "PLTR": 5.883484733214311e-14,
    "CRWD": 5.363400474046772e-17,
    "NET": 4.7997482554588775e-15,
    "SNOW": 4.966213165131066e-15,
    "DDOG": 3.942634464098058e-15,
    "PANW": 2.739820831772881e-15,
    "ZS": 1.8419365837410144e-14,
    "FTNT": 1.470141137115734e-14,
    "OKTA": 5.186958635283591e-14,
    "TWLO": 0.01300964435720436,
    "MDB": 2.6488215560765936e-15,
    "HUBS": 2.028342036735699e-13,
    "VEEV": 2.0520282798129854e-14,
    "WDAY": 4.123211497184326e-14,
    "ZM": 5.112225167267442e-15,
    "DOCU": 9.055360803618945e-14,
    "DT": 8.724520914218958e-16,
    "AI": 5.489843626709558e-13,
    "JPM": 4.816965253093059e-15,
    "BAC": 5.785672941009777e-15,
    "GS": 5.690028990596047e-15,
    "MS": 5.4022875013221215e-15,
    "V": 3.088693628712107e-15,
    "MA": 4.020975051700586e-15,
    "C": 0.06262923713881059,
    "WFC": 2.5954288673403356e-15,
    "AXP": 4.116987214135345e-15,
    "BLK": 3.48670606807225e-16,
    "SCHW": 5.450914313818916e-15,
    "CB": 0.008287471499842705,
    "AON": 5.75361871877743e-15,
    "TRV": 8.424895202171883e-15,
    "PGR": 6.063064061081729e-15,
    "ALL": 0.024142204258685386,
    "MET": 1.2025989786352052e-15,
    "PRU": 7.977334196026498e-15,
    "HIG": 8.059034186944001e-15,
    "SOFI": 4.086000657088033e-14,
    "AFRM": 1.7406153619139187e-15,
    "UPST": 2.9122363567401533e-13,
    "NU": 5.400306346847011e-14,
    "COIN": 3.5782821511527967e-13,
    "HOOD": 9.01766270546518e-14,
    "PYPL": 4.1049099123632424e-14,
    "JNJ": 0.08855549440432767,
    "UNH": 2.5189244864947374e-14,
    "LLY": 2.1693160137507806e-15,
    "ABBV": 3.947496813723188e-15,
    "PFE": 4.340060229065878e-15,
    "MRK": 6.400720202539858e-15,
    "TMO": 4.5174918284246965e-15,
    "DHR": 6.184456898038139e-14,
    "ABT": 1.0770792115341212e-15,
    "AMGN": 4.0849915126065864e-15,
    "GILD": 3.027451072726132e-15,
    "BIIB": 4.210288854232914e-15,
    "REGN": 2.763701308932627e-15,
    "VRTX": 7.585995331634184e-14,
    "ISRG": 2.6586855403678534e-16,
    "SYK": 2.931398381399763e-15,
    "BSX": 9.975829868375806e-14,
    "MDT": 1.0651352458530202e-15,
    "MRNA": 1.4528368697500572e-13,
    "BNTX": 1.6447573151775886e-13,
    "NVAX": 2.6237128081442413e-13,
    "CVS": 8.141535653969887e-15,
    "HUM": 1.9888812732315678e-14,
    "ELV": 4.3228654506612145e-14,
    "CNC": 9.361250802309327e-14,
    "CI": 1.904690554137584e-15,
    "XOM": 7.942021619654546e-15,
    "CVX": 8.901125436035028e-15,
    "COP": 3.370122009517927e-15,
    "SLB": 2.564633074830507e-15,
    "EOG": 3.960117522767868e-15,
    "MPC": 6.540886534469118e-15,
    "VLO": 0.03569115447709924,
    "PSX": 5.200518375016656e-15,
    "OXY": 4.289296559920665e-15,
    "HAL": 5.019957260762122e-15,
    "BKR": 4.937909358930618e-15,
    "DVN": 3.7763963492015555e-15,
    "FANG": 3.622005749965978e-15,
    "APA": 0.004921650660147498,
    "BP": 8.124520301396242e-15,
    "SHEL": 5.343009447846234e-15,
    "TTE": 0.009032937493684735,
    "ENB": 0.03535943515375768,
    "HD": 1.3910507655605749e-15,
    "WMT": 0.0756225117280119,
    "COST": 6.7337694516030654e-15,
    "MCD": 5.780451986522937e-15,
    "NKE": 7.036414913240758e-14,
    "SBUX": 1.8579167506496915e-15,
    "TGT": 5.512717740806981e-15,
    "LOW": 3.392892818864472e-15,
    "BKNG": 3.11045052681727e-15,
    "ABNB": 3.0352349417289825e-15,
    "TJX": 8.448467129765563e-15,
    "ROST": 7.939140463016988e-15,
    "DLTR": 3.986894794724988e-15,
    "DG": 9.115345767693215e-15,
    "YUM": 7.556374861225187e-15,
    "CMG": 7.159298962419636e-14,
    "DPZ": 2.0972352351805332e-14,
    "QSR": 0.0013621442100472173,
    "GM": 8.933231119383496e-06,
    "F": 2.390766725974844e-15,
    "RIVN": 5.703130570438061e-14,
    "LCID": 6.799640270574407e-13,
    "NIO": 5.891907857168776e-15,
    "XPEV": 1.3381202004006406e-13,
    "LI": 9.079733169984998e-14,
    "PG": 4.717795106856148e-15,
    "KO": 7.99422934528548e-15,
    "PEP": 5.738176653976657e-15,
    "PM": 8.040740020135314e-15,
    "MO": 0.08189888813164757,
    "CL": 4.841225029709158e-15,
    "EL": 6.964041284420775e-14,
    "CHD": 3.3749043022174096e-15,
    "CLX": 5.338539967772771e-14,
    "GIS": 4.309818322593833e-15,
    "GE": 3.8973616478514604e-15,
    "CAT": 0.02450002315378864,
    "DE": 5.105771446449858e-15,
    "HON": 4.7052484463844114e-15,
    "UNP": 3.880926430587354e-15,
    "UPS": 2.325325571270937e-15,
    "FDX": 7.718244236824847e-15,
    "LMT": 5.538015139259064e-15,
    "RTX": 5.8570585319206144e-15,
    "NOC": 6.594423186308668e-15,
    "GD": 4.07547557446166e-15,
    "BA": 3.01818593654419e-15,
    "MMM": 1.2653673781340327e-16,
    "EMR": 1.387514346713765e-15,
    "ETN": 2.416802218352775e-15,
    "PH": 5.651517828765168e-15,
    "ROK": 4.969485669063181e-15,
    "ITW": 2.758802928623965e-15,
    "IR": 7.047163721416741e-14,
    "DOV": 2.405938042790708e-15,
    "WM": 8.275851240531498e-15,
    "LIN": 7.269616379603334e-15,
    "APD": 4.935273292346192e-15,
    "SHW": 3.785741164970099e-15,
    "FCX": 5.849259209003978e-16,
    "NEM": 0.0008092420957451036,
    "NUE": 7.790550314705962e-15,
    "VMC": 4.2628586921232525e-15,
    "MLM": 5.93038390823186e-15,
    "ALB": 0.011407919784478061,
    "MOS": 8.551563620948234e-14,
    "NEE": 8.1599326179865e-15,
    "DUK": 9.706984421885878e-15,
    "SO": 8.234998791875545e-15,
    "D": 8.617681826419848e-15,
    "AEP": 0.014124747137904854,
    "EXC": 7.32395011849925e-15,
    "XEL": 7.263393993138934e-15,