{
  "timestamp": "2026-05-05T06:30:01.295962+00:00",
  "source": "options_greeks_v1.0.0",
  "netliq": 1011331.4,
  "greeks": {
    "delta_portfolio": 2.6731,
    "gamma_portfolio": 2.664268,
    "vega_portfolio": 607204.5089,
    "theta_portfolio": -237024.1389,
    "n_positions": 37,
    "positions_detail": {
      "MCD": {
        "delta": 0.0248,
        "gamma": 0.000598,
        "vega": 8178.34,
        "theta": -3192.44,
        "iv": 0.2,
        "weight": 0.0248
      },
      "OXY": {
        "delta": 0.2219,
        "gamma": 0.025287,
        "vega": 15518.73,
        "theta": -6057.79,
        "iv": 0.2,
        "weight": 0.2219
      },
      "TMUS": {
        "delta": 0.0019,
        "gamma": 6.8e-05,
        "vega": 437.03,
        "theta": -170.59,
        "iv": 0.2,
        "weight": 0.0019
      },
      "SKLZ": {
        "delta": 0.0175,
        "gamma": 0.017701,
        "vega": 137.15,
        "theta": -53.54,
        "iv": 0.2,
        "weight": 0.0175
      },
      "ETN": {
        "delta": 0.0502,
        "gamma": 0.000816,
        "vega": 24578.42,
        "theta": -9594.26,
        "iv": 0.2,
        "weight": 0.0502
      },
      "APD": {
        "delta": 0.0103,
        "gamma": 0.000238,
        "vega": 3571.3,
        "theta": -1394.07,
        "iv": 0.2,
        "weight": 0.0103
      },
      "QCOM": {
        "delta": 0.0337,
        "gamma": 0.001387,
        "vega": 6542.21,
        "theta": -2553.77,
        "iv": 0.2,
        "weight": 0.0337
      },
      "BILL": {
        "delta": 0.0104,
        "gamma": 0.001795,
        "vega": 477.25,
        "theta": -186.3,
        "iv": 0.2,
        "weight": 0.0104
      },
      "JNJ": {
        "delta": 0.0366,
        "gamma": 0.001122,
        "vega": 9532.63,
        "theta": -3721.09,
        "iv": 0.2,
        "weight": 0.0366
      },
      "MARA": {
        "delta": 0.0085,
        "gamma": 0.004949,
        "vega": 115.36,
        "theta": -45.03,
        "iv": 0.2,
        "weight": 0.0085
      },
      "SOFI": {
        "delta": 0.0112,
        "gamma": 0.004731,
        "vega": 210.06,
        "theta": -82.0,
        "iv": 0.2,
        "weight": 0.0112
      },
      "MU": {
        "delta": 0.0429,
        "gamma": 0.00051,
        "vega": 28712.09,
        "theta": -11207.85,
        "iv": 0.2,
        "weight": 0.0429
      },
      "UNH": {
        "delta": 0.3424,
        "gamma": 0.006363,
        "vega": 146826.87,
        "theta": -57314.32,
        "iv": 0.2,
        "weight": 0.3424
      },
      "AMT": {
        "delta": 0.1953,
        "gamma": 0.007423,
        "vega": 40949.68,
        "theta": -15984.83,
        "iv": 0.2,
        "weight": 0.1953
      },
      "MRNA": {
        "delta": 0.0808,
        "gamma": 0.011746,
        "vega": 4429.64,
        "theta": -1729.12,
        "iv": 0.2,
        "weight": 0.0808
      },
      "CMCSA": {
        "delta": 0.0771,
        "gamma": 0.019577,
        "vega": 2418.09,
        "theta": -943.91,
        "iv": 0.2,
        "weight": 0.0771
      },
      "RIOT": {
        "delta": 0.0144,
        "gamma": 0.005302,
        "vega": 310.85,
        "theta": -121.34,
        "iv": 0.2,
        "weight": 0.0144
      },
      "FSLR": {
        "delta": 0.0104,
        "gamma": 0.00034,
        "vega": 2549.36,
        "theta": -995.15,
        "iv": 0.2,
        "weight": 0.0104
      },
      "AA": {
        "delta": 0.0093,
        "gamma": 0.00102,
        "vega": 669.85,
        "theta": -261.48,
        "iv": 0.2,
        "weight": 0.0093
      },
      "GE": {
        "delta": 0.0501,
        "gamma": 0.00123,
        "vega": 16259.13,
        "theta": -6346.8,
        "iv": 0.2,
        "weight": 0.0501
      },
      "GOOGL": {
        "delta": 0.1272,
        "gamma": 0.002284,
        "vega": 56431.55,
        "theta": -22028.23,
        "iv": 0.2,
        "weight": 0.1272
      },
      "T": {
        "delta": 0.0653,
        "gamma": 0.017239,
        "vega": 1971.82,
        "theta": -769.71,
        "iv": 0.2,
        "weight": 0.0653
      },
      "AMD": {
        "delta": 0.0614,
        "gamma": 0.00123,
        "vega": 24420.2,
        "theta": -9532.5,
        "iv": 0.2,
        "weight": 0.0614
      },
      "AXON": {
        "delta": 0.0203,
        "gamma": 0.000353,
        "vega": 9281.97,
        "theta": -3623.25,
        "iv": 0.2,
        "weight": 0.0203
      },
      "CCI": {
        "delta": 0.1027,
        "gamma": 0.007831,
        "vega": 10735.39,
        "theta": -4190.59,
        "iv": 0.2,
        "weight": 0.1027
      },
      "TXN": {
        "delta": 0.163,
        "gamma": 0.004011,
        "vega": 52798.93,
        "theta": -20610.22,
        "iv": 0.2,
        "weight": 0.163
      },
      "BIIB": {
        "delta": 0.1541,
        "gamma": 0.005656,
        "vega": 33428.44,
        "theta": -13048.89,
        "iv": 0.2,
        "weight": 0.1541
      },
      "EXR": {
        "delta": 0.0496,
        "gamma": 0.002447,
        "vega": 8013.2,
        "theta": -3127.98,
        "iv": 0.2,
        "weight": 0.0496
      },
      "BTBT": {
        "delta": 0.0222,
        "gamma": 0.091986,
        "vega": 42.72,
        "theta": -16.68,
        "iv": 0.2,
        "weight": 0.0222
      },
      "NKE": {
        "delta": 0.0043,
        "gamma": 0.00068,
        "vega": 213.93,
        "theta": -83.51,
        "iv": 0.2,
        "weight": 0.0043
      },
      "CLSK": {
        "delta": 0.0503,
        "gamma": 0.027034,
        "vega": 746.58,
        "theta": -291.43,
        "iv": 0.2,
        "weight": 0.0503
      },
      "BRCC": {
        "delta": 0.4271,
        "gamma": 2.387167,
        "vega": 608.74,
        "theta": -237.63,
        "iv": 0.2,
        "weight": 0.4271
      },
      "DE": {
        "delta": 0.1281,
        "gamma": 0.001523,
        "vega": 85892.94,
        "theta": -33528.57,
        "iv": 0.2,
        "weight": 0.1281
      },
      "ON": {
        "delta": 0.0297,
        "gamma": 0.00208,
        "vega": 3367.26,
        "theta": -1314.42,
        "iv": 0.2,
        "weight": 0.0297
      },
      "HON": {
        "delta": 0.0025,
        "gamma": 8.2e-05,
        "vega": 604.46,
        "theta": -235.95,
        "iv": 0.2,
        "weight": 0.0025
      },
      "NEM": {
        "delta": 0.0047,
        "gamma": 0.000299,
        "vega": 591.74,
        "theta": -230.99,
        "iv": 0.2,
        "weight": 0.0047
      },
      "ISRG": {
        "delta": 0.0107,
        "gamma": 0.000163,
        "vega": 5630.55,
        "theta": -2197.9,
        "iv": 0.2,
        "weight": 0.0107
      }
    }
  },
  "limits": {
    "delta_limit": 0.2,
    "gamma_limit": 0.05,
    "vega_limit": 50000,
    "theta_limit": -5000
  },
  "alerts": {
    "delta_breach": true,
    "vega_breach": true,
    "n_alerts": 1
  },
  "hedge_recommendations": [
    {
      "type": "DELTA_HEDGE",
      "urgency": "HIGH",
      "action": "Ouvrir position SHORT SPY",
      "delta_net": 2.6731,
      "delta_limit": 0.2,
      "suggested_size": 2703390.0
    },
    {
      "type": "VEGA_HEDGE",
      "urgency": "MEDIUM",
      "action": "R\u00e9duire exposition volatilit\u00e9",
      "vega_net": 607204.51,
      "vega_limit": 50000
    },
    {
      "type": "THETA_ALERT",
      "urgency": "LOW",
      "action": "Time decay \u00e9lev\u00e9 \u2014 surveiller positions longues",
      "theta_daily": -237024.14
    }
  ],
  "iv_market": {
    "iv_rank": 0.0,
    "iv_percentile": 0.0,
    "iv_current": 0.2
  },
  "cycle": 1
}