{
  "timestamp": "2026-04-22T15:26:09.577105Z",
  "total_value": 100000.0,
  "weights": {
    "SPY": 4.522704093216527e-15,
    "QQQ": 3.702764252179998e-15,
    "IWM": 7.66965184238624e-16,
    "DIA": 4.012505273777752e-15,
    "MDY": 1.7429342951415297e-15,
    "VTI": 4.158331516090727e-15,
    "VOO": 4.3866412746829e-15,
    "VTV": 4.721614728019027e-15,
    "VUG": 2.9600625855896425e-15,
    "VNQ": 4.782496709129091e-15,
    "XLK": 3.1468177081871583e-15,
    "XLF": 3.970268061053977e-15,
    "XLV": 1.973243547689232e-15,
    "XLE": 5.743692260283577e-15,
    "XLY": 1.4499342813752185e-15,
    "XLP": 5.39384548078781e-15,
    "XLI": 3.939216353828262e-15,
    "XLB": 2.4979483335370584e-15,
    "XLU": 6.448400975314296e-15,
    "XLRE": 4.203822326341563e-15,
    "XLC": 5.885444539188247e-15,
    "GDX": 6.0418418269122935e-15,
    "GLD": 5.712410864272952e-15,
    "SLV": 4.569731740052215e-15,
    "USO": 0.08797644713784622,
    "UNG": 3.787487029087481e-15,
    "TLT": 8.31874786878128e-15,
    "IEF": 0.07248063527387,
    "SHY": 8.205757491485079e-15,
    "HYG": 7.68815060449555e-15,
    "LQD": 7.870696934629234e-15,
    "BND": 8.501454270479779e-15,
    "AGG": 8.76847018478077e-15,
    "AAPL": 6.115923313186964e-15,
    "MSFT": 6.198529448691124e-15,
    "NVDA": 0.02303775457026815,
    "GOOGL": 0.07887013547141222,
    "GOOG": 1.053146206633866e-12,
    "META": 3.985932755545606e-15,
    "AMZN": 4.2330928190138306e-15,
    "TSLA": 2.9747064769068606e-15,
    "BRK-B": 4.672144930791343e-15,
    "AMD": 3.869064711936138e-15,
    "AVGO": 0.003437771787144179,
    "ORCL": 7.612547275065921e-16,
    "INTC": 6.585618282021838e-14,
    "QCOM": 6.122126320156603e-15,
    "TXN": 3.329460805371991e-15,
    "MU": 0.036566305381982786,
    "ADI": 5.90163817482141e-15,
    "AMAT": 2.910866759121146e-15,
    "LRCX": 0.005386498580165465,
    "KLAC": 1.6182322494286358e-15,
    "ASML": 3.4751740327631716e-15,
    "TSM": 4.326967842523503e-15,
    "MCHP": 9.635088066841143e-16,
    "MPWR": 1.6705909446931067e-15,
    "ENPH": 1.1803627989343369e-14,
    "FSLR": 2.2457311556374837e-15,
    "SEDG": 1.99588464253816e-16,
    "RUN": 6.227318057774754e-15,
    "PLUG": 2.8293720297200448e-15,
    "CRM": 3.487775991421334e-16,
    "ADBE": 1.0513898040836942e-15,
    "NOW": 2.9665374829212233e-15,
    "INTU": 2.856334298062381e-15,
    "CDNS": 1.1468139940065503e-15,
    "SNPS": 3.0079132715839347e-15,
    "CTSH": 2.735926848758466e-16,
    "EPAM": 2.048467528436803e-15,
    "PLTR": 2.764953623972091e-15,
    "CRWD": 3.629180866022674e-16,
    "NET": 5.968994118421032e-15,
    "SNOW": 1.810171849725634e-15,
    "DDOG": 4.08065910926072e-15,
    "PANW": 1.9172243158792664e-15,
    "ZS": 3.675033133980255e-16,
    "FTNT": 7.821684813443399e-16,
    "OKTA": 1.464162381300387e-15,
    "TWLO": 0.0120305955661236,
    "MDB": 2.4468083621645404e-15,
    "HUBS": 7.907159876586804e-15,
    "VEEV": 8.745083087475065e-16,
    "WDAY": 1.2572761844337246e-15,
    "ZM": 3.791588974875917e-15,
    "DOCU": 2.865526904391084e-15,
    "DT": 2.170654069865615e-16,
    "AI": 2.4665037614511078e-14,
    "JPM": 4.482257931123442e-15,
    "BAC": 5.378611473993947e-15,
    "GS": 5.724388934520143e-15,
    "MS": 5.3352094644184575e-15,
    "V": 3.0748722539228414e-15,
    "MA": 3.724701862115227e-15,
    "C": 0.048992215215657255,
    "WFC": 2.2527925435070358e-15,
    "AXP": 4.5651880855283056e-15,
    "BLK": 3.658145813251646e-16,
    "SCHW": 5.302310665117566e-15,
    "CB": 0.02396373341765861,
    "AON": 6.168847541931408e-15,
    "TRV": 8.168971368525234e-15,
    "PGR": 5.727794628064398e-15,
    "ALL": 0.02429426216513956,
    "MET": 9.221307609605004e-16,
    "PRU": 1.496669140411379e-16,
    "HIG": 8.078398134376715e-15,
    "SOFI": 2.346823297946101e-15,
    "AFRM": 4.2188891596168025e-15,
    "UPST": 1.3029897860095118e-14,
    "NU": 2.113907444634975e-15,
    "COIN": 1.2183851721406234e-14,
    "HOOD": 1.7546953408430883e-15,
    "PYPL": 1.0868649109815277e-15,
    "JNJ": 0.08797644713784622,
    "UNH": 2.0464398508448115e-15,
    "LLY": 1.0222823007244483e-15,
    "ABBV": 3.967335966903481e-15,
    "PFE": 3.4016009499052922e-15,
    "MRK": 6.254388263180529e-15,
    "TMO": 3.690329947013011e-16,
    "DHR": 3.0518697192213794e-15,
    "ABT": 8.351947309198913e-16,
    "AMGN": 3.851492065608287e-15,
    "GILD": 2.890142702410534e-15,
    "BIIB": 4.461699997829528e-15,
    "REGN": 3.007448507538191e-15,
    "VRTX": 3.4212518378748436e-15,
    "ISRG": 1.42072045749984e-15,
    "SYK": 2.8608736554722906e-15,
    "BSX": 2.4741184205611427e-15,
    "MDT": 1.0083112842083031e-15,
    "MRNA": 7.709052517085687e-15,
    "BNTX": 6.693856255304347e-15,
    "NVAX": 9.521418674355585e-15,
    "CVS": 8.085689635280772e-15,
    "HUM": 1.923875506537236e-15,
    "ELV": 1.8794878369611166e-15,
    "CNC": 3.606257027936685e-15,
    "CI": 1.065627795576229e-15,
    "XOM": 7.417587412008169e-15,
    "CVX": 8.116737703437521e-15,
    "COP": 2.3607387118092154e-15,
    "SLB": 1.54470904234256e-15,
    "EOG": 3.226801103503451e-15,
    "MPC": 5.395335245953216e-15,
    "VLO": 0.041794777811867564,
    "PSX": 4.102260559844119e-15,
    "OXY": 3.955360826620515e-15,
    "HAL": 4.227380317762627e-15,
    "BKR": 3.627205503785271e-15,
    "DVN": 3.3399900364389435e-15,
    "FANG": 2.972373457822613e-15,
    "APA": 5.75676398275451e-14,
    "BP": 7.631020025656528e-15,
    "SHEL": 4.85774690002868e-15,
    "TTE": 0.009566038709974531,
    "ENB": 0.02715901899715115,
    "HD": 3.463033946625722e-16,
    "WMT": 0.08260280490680663,
    "COST": 6.654192652548323e-15,
    "MCD": 6.0197272517492645e-15,
    "NKE": 3.0904665995789638e-15,
    "SBUX": 1.5050402668893683e-15,
    "TGT": 4.467080998436817e-15,
    "LOW": 1.480698606664554e-15,
    "BKNG": 4.0280702963023486e-15,
    "ABNB": 3.032798731044132e-15,
    "TJX": 8.663103879461297e-15,
    "ROST": 8.198828844193402e-15,
    "DLTR": 3.757897180294485e-15,
    "DG": 8.364528523606859e-15,
    "YUM": 6.972569716134539e-15,
    "CMG": 3.2811912496772263e-15,
    "DPZ": 6.636066993402327e-16,
    "QSR": 9.031217178074631e-15,
    "GM": 0.006210835314175794,
    "F": 2.740684272742676e-15,
    "RIVN": 8.141227118265599e-16,
    "LCID": 2.663808648945461e-14,
    "NIO": 7.285472559987841e-15,
    "XPEV": 5.917246285797274e-15,
    "LI": 2.1910438946036513e-15,
    "PG": 5.036716657648164e-15,
    "KO": 8.592863025046946e-15,
    "PEP": 6.3725701990527414e-15,
    "PM": 8.455067659964453e-15,
    "MO": 0.08797644713784622,
    "CL": 4.2775817668040484e-15,
    "EL": 3.8903793600522005e-15,
    "CHD": 3.0991368520436592e-15,
    "CLX": 2.7118639775766666e-15,
    "GIS": 3.079912874160031e-16,
    "GE": 4.210495795849502e-15,
    "CAT": 0.017412727081553718,
    "DE": 4.455550376706738e-15,
    "HON": 4.509014583976382e-15,
    "UNP": 4.466807131072974e-15,
    "UPS": 2.774365939114757e-15,
    "FDX": 7.32746881394699e-15,
    "LMT": 6.420419246017061e-15,
    "RTX": 6.5229682590401e-15,
    "NOC": 7.090499019104856e-15,
    "GD": 2.400332984607277e-15,
    "BA": 4.708304383318785e-15,
    "MMM": 9.318805653358608e-17,
    "EMR": 2.1329058268010642e-16,
    "ETN": 5.105299634710934e-16,
    "PH": 6.2437669070549904e-15,
    "ROK": 4.220825331426315e-15,
    "ITW": 1.8454389839882193e-15,
    "IR": 2.9857005032928485e-15,
    "DOV": 2.511247617372057e-15,
    "WM": 8.482796585008795e-15,
    "LIN": 6.451030101308929e-15,
    "APD": 2.651567294888408e-15,
    "SHW": 3.104100188071544e-15,
    "FCX": 1.3120049695544887e-15,
    "NEM": 2.2204391753904372e-15,
    "NUE": 0.004498621502287737,
    "VMC": 4.069891405893271e-15,
    "MLM": 5.946231103103908e-15,
    "ALB": 0.009389733936242232,
    "MOS": 4.696337759188237e-15,
    "NEE": 8.41549789911339e-15,
    "DUK": 9.522789554802911e-15,
    "SO": 7.960263580132956e-15,
    "D": 8.697153573669547e-15,
    "AEP": 0.021831629620913975,
    "EXC": 7.608936434815444e-15,
    "XEL": 7.433147868616744e-15,