{
  "timestamp": "2026-05-04T13:22:01.483618+00:00",
  "source": "portfolio_constructor_v1.1.0",
  "method": "black_litterman_hrp",
  "n_assets": 50,
  "allocations": {
    "VTEX": 0.030299,
    "TSLA": 0.024726,
    "AMD": 0.024633,
    "AMAT": 0.02411,
    "AMZN": 0.023299,
    "QQQ": 0.023231,
    "VNET": 0.022729,
    "MET": 0.022622,
    "NET": 0.022555,
    "HUM": 0.022266,
    "EQIX": 0.022026,
    "ROK": 0.021945,
    "XOM": 0.021794,
    "EWY": 0.021501,
    "TWLO": 0.021117,
    "GD": 0.021005,
    "DOV": 0.020682,
    "XLY": 0.02065,
    "LRCX": 0.020589,
    "ROST": 0.0201
  },
  "bl_returns": {
    "GOOG": 0.022081,
    "ELV": 0.025263,
    "GOOGL": 0.027312,
    "ADI": 0.035068,
    "CDNS": 0.037906,
    "MSFT": 0.032422,
    "NUE": 0.035081,
    "AVGO": 0.02697,
    "PKG": 0.033021,
    "TSM": 0.033447,
    "UNH": 0.029666,
    "INTU": 0.038322,
    "VNET": 0.033639,
    "VTEX": 0.021944,
    "AMD": 0.022017,
    "TSLA": 0.022288,
    "QQQ": 0.026975,
    "GD": 0.026501,
    "XLY": 0.01969,
    "MET": 0.029542
  },
  "hrp_weights": {
    "GOOG": 0.015372,
    "ELV": 0.018028,
    "GOOGL": 0.015119,
    "ADI": 0.014999,
    "CDNS": 0.017704,
    "MSFT": 0.015036,
    "NUE": 0.018523,
    "AVGO": 0.019186,
    "PKG": 0.01866,
    "TSM": 0.020592,
    "UNH": 0.018864,
    "INTU": 0.019479,
    "VNET": 0.023925,
    "VTEX": 0.031894,
    "AMD": 0.025929,
    "TSLA": 0.026027,
    "QQQ": 0.024454,
    "GD": 0.022111,
    "XLY": 0.021737,
    "MET": 0.023813
  },
  "metrics": {
    "sharpe": 2.7043,
    "volatility": 0.0316,
    "expected_return": 0.1354,
    "max_drawdown": -0.0123,
    "target_sharpe": 2.0,
    "target_max_dd": 0.08,
    "sharpe_ok": true,
    "dd_ok": true
  },
  "constraints": {
    "max_position": 0.15,
    "cash_reserve": 0.05,
    "delta_limit": 0.2,
    "target_sharpe": 2.0,
    "max_drawdown": 0.08
  },
  "portfolio_ok": true,
  "cycle": 1
}