{
  "timestamp": "2026-04-17T21:38:31.532472Z",
  "total_value": 100000.0,
  "weights": {
    "SPY": 5.055011470633609e-13,
    "QQQ": 5.479512638468911e-13,
    "IWM": 0.0,
    "GLD": 7.057580610796209e-13,
    "TLT": 6.110186238609008e-12,
    "AAPL": 0.03513761645162412,
    "MSFT": 0.04399566813919793,
    "NVDA": 0.06436144088558873,
    "GOOGL": 0.0,
    "AMZN": 0.015252146850481872,
    "META": 0.022615284532122405,
    "TSLA": 0.0060430649697897606,
    "JPM": 3.3690250944098153e-13,
    "GS": 7.307897924539933e-13,
    "V": 2.9747834326777255e-13,
    "UNH": 0.0,
    "LLY": 3.3096197710323294e-13,
    "XOM": 6.728768026231091e-13,
    "HD": 0.0,
    "COST": 0.0033578563234174658,
    "AVGO": 0.030446967153727446,
    "ORCL": 3.182829732830098e-13,
    "AMD": 0.010506084199958101,
    "INTC": 0.00044992288177954457,
    "QCOM": 0.0,
    "TXN": 6.339507389585217e-13,
    "AMAT": 0.0026044892689798243,
    "LRCX": 0.007226848888184051,
    "KLAC": 2.8867997671393466e-13,
    "ADI": 0.009743263192239048,
    "MU": 0.010271717997821317,
    "ON": 0.005363306479853371,
    "SWKS": 0.0,
    "CDNS": 0.0,
    "SNPS": 0.0,
    "FTNT": 0.0,
    "CTSH": 0.0,
    "AKAM": 8.07890540856512e-15,
    "WDC": 0.013145479106269429,
    "DELL": 0.003009366589969663,
    "HPE": 2.262426597551905e-13,
    "HPQ": 0.0,
    "EPAM": 0.0,
    "KEYS": 3.8606982063074384e-13,
    "MPWR": 4.717255200828298e-13,
    "ENTG": 0.0,
    "CRM": 1.2922228942512334e-13,
    "ADBE": 7.383115948006768e-14,
    "NOW": 0.0,
    "INTU": 0.003281412520022967,
    "TEAM": 0.0,
    "WDAY": 0.0,
    "DDOG": 0.0,
    "SNOW": 5.404217758721292e-14,
    "ZS": 0.0,
    "CRWD": 1.26610624007144e-15,
    "OKTA": 0.0,
    "NET": 0.0,
    "HUBS": 0.0,
    "VEEV": 0.0,
    "MDB": 0.0034585517225203476,
    "CFLT": 0.0031410821300222164,
    "S": 0.0,
    "ASAN": 0.0,
    "GTLB": 0.0,
    "TWLO": 0.004056642628487814,
    "ZM": 5.864635316983214e-13,
    "DOCU": 5.383126991967697e-14,
    "PAYC": 0.0,
    "PCTY": 0.0,
    "TTD": 0.0,
    "SHOP": 7.044073322470601e-14,
    "MELI": 4.436208162654606e-13,
    "AFRM": 0.005364757662195434,
    "SOFI": 3.474642529449042e-13,
    "BOX": 0.0025091941428032846,
    "DOCN": 0.0,
    "RNG": 0.006889321498117197,
    "FIVN": 0.0,
    "GOOG": 0.05330496789460668,
    "NFLX": 0.007840250905827635,
    "DIS": 5.589261965594445e-13,
    "CMCSA": 0.005903529337008632,
    "VZ": 0.011502005461856722,
    "T": 0.006557838636419855,
    "TMUS": 8.836168082857395e-05,
    "CHTR": 0.0,
    "LYV": 4.596858122197171e-13,
    "EA": 0.016044909765688092,
    "TTWO": 4.3335031788624567e-13,
    "SNAP": 0.0,
    "PINS": 0.0,
    "SPOT": 0.0037524776852297177,
    "OMC": 7.762924845059354e-14,
    "WBD": 0.006585994692658378,
    "MTCH": 2.864433982190856e-13,
    "RBLX": 0.0,
    "MCD": 7.147961030770987e-13,
    "NKE": 0.0,
    "LOW": 3.647470743244377e-13,
    "SBUX": 2.0447068159464202e-13,
    "BKNG": 6.762395398923505e-13,
    "TJX": 2.4066608606070164e-12,
    "CMG": 0.0,
    "ORLY": 4.607001148267399e-13,
    "AZO": 5.476504006472368e-13,
    "ROST": 0.005182254912633561,
    "DHI": 0.0,
    "LEN": 0.0,
    "MAR": 0.018737768297880486,
    "HLT": 6.759447472034473e-13,
    "GM": 0.009743619699883535,
    "F": 0.0,
    "APTV": 0.0,
    "UBER": 0.0,
    "LYFT": 0.0,
    "ABNB": 0.009676008440071071,
    "EXPE": 0.0024364013951183408,
    "CCL": 0.0,
    "RCL": 2.735151789997734e-13,
    "NCLH": 0.0,
    "DAL": 1.41076602116036e-13,
    "UAL": 0.0,
    "AAL": 0.0,
    "LUV": 3.8831458253573736e-13,
    "RIVN": 4.038471982034707e-13,
    "DKNG": 0.0,
    "MGM": 0.0,
    "WYNN": 2.944436885693522e-13,
    "LVS": 3.774047667798276e-13,
    "WMT": 0.027513057883485088,
    "PG": 5.939960750486725e-13,
    "KO": 8.479786383978507e-13,
    "PEP": 0.001157977961053421,
    "PM": 3.8989749428466104e-13,
    "MO": 0.01645827099262888,
    "MDLZ": 4.172773893120133e-13,
    "CL": 4.4847849591731773e-13,
    "EL": 3.8636205132907427e-13,
    "KHC": 8.128065416169002e-14,
    "GIS": 0.0,
    "HSY": 5.414251994279744e-13,
    "CLX": 0.0,
    "KMB": 0.0,
    "TSN": 1.0978987597222548e-13,
    "HRL": 0.0,
    "STZ": 0.0,
    "KR": 0.0,
    "SFM": 0.0,
    "JNJ": 0.04421630530554388,
    "ABBV": 7.814685425683779e-13,
    "MRK": 0.012372606946235414,
    "TMO": 2.0294525784076318e-13,
    "ABT": 0.0,
    "DHR": 0.0,
    "BMY": 6.085965568104566e-13,
    "AMGN": 4.058543936719064e-13,
    "MDT": 9.946389482210773e-15,
    "ISRG": 1.190855956741219e-13,
    "SYK": 5.453098303522515e-13,
    "BSX": 0.0,
    "EW": 6.579740679299603e-13,
    "REGN": 4.2561951224195345e-13,
    "GILD": 5.446695013843855e-13,
    "VRTX": 0.0,
    "BIIB": 2.5505828728913033e-13,
    "ILMN": 0.0013865922952248373,
    "IQV": 3.5315120179612683e-13,
    "MRNA": 0.0,
    "PFE": 6.055003558560375e-13,
    "DXCM": 0.0,
    "ALGN": 0.0,
    "IDXX": 4.2750652733860133e-13,
    "HUM": 0.0,
    "CI": 9.409787346915673e-14,
    "CVS": 6.900178799784986e-13,
    "ELV": 0.0,
    "CNC": 0.0,
    "MCK": 3.6303898844848895e-13,
    "CAH": 0.0022561505293038913,
    "HOLX": 0.01085306916355246,
    "BDX": 0.0,
    "MTD": 2.0008721079967534e-13,
    "WAT": 0.0,
    "BAC": 0.005129716602633131,
    "WFC": 4.2614649810094125e-13,
    "MS": 0.007039075200491843,
    "BLK": 0.0,
    "SPGI": 3.292182573158302e-14,
    "MCO": 0.00911148252508343,
    "COF": 5.765728391478899e-14,
    "AXP": 5.727093772294369e-13,
    "MA": 3.639874879400626e-13,
    "PYPL": 1.0540833267699852e-13,
    "SCHW": 3.4011781829077917e-13,
    "CB": 0.0030307196664411413,
    "AIG": 5.693916773308571e-13,
    "PGR": 2.3354558496534374e-13,
    "ALL": 0.01673811924558246,
    "TRV": 8.247251530430444e-13,
    "MET": 6.654408303244666e-14,
    "PRU": 0.0,
    "AFL": 4.64393674864515e-13,
    "USB": 7.353336752903671e-13,
    "PNC": 7.942816866043514e-13,
    "TFC": 6.938507894984634e-13,
    "FITB": 5.191228349568654e-13,
    "KEY": 7.106826358918322e-13,
    "RF": 4.669750673053991e-13,
    "HBAN": 0.0,
    "CFG": 6.828060478383229e-13,
    "STT": 0.008600517254247212,
    "BK": 0.019724677263617076,
    "CME": 3.928857626005517e-13,
    "CBOE": 0.02252211899080204,
    "ICE": 2.647356199731405e-13,
    "NDAQ": 7.491575837842189e-13,
    "MSCI": 2.3712934894396586e-13,
    "FDS": 0.0,
    "HOOD": 6.226963807425447e-13,
    "RJF": 0.0,
    "LPLA": 0.0,
    "HON": 0.006031363017115249,
    "UPS": 1.1904197544444249e-13,
    "RTX": 4.1511805450759225e-13,
    "CAT": 8.034247350039491e-13,
    "DE": 7.27790805006666e-14,
    "ETN": 0.0,
    "GE": 6.447022304779341e-13,
    "LMT": 5.80149335453137e-13,
    "NOC": 6.515253912453964e-13,
    "GD": 1.7877212105502884e-13,
    "BA": 7.944091427165505e-13,
    "MMM": 0.0,
    "EMR": 2.1834496457130152e-13,
    "ITW": 0.0,
    "ROK": 4.962484395133574e-13,
    "PH": 6.207217796174113e-13,
    "DOV": 1.3564148584143753e-13,
    "FAST": 3.7255007120933464e-13,
    "SWK": 0.0,
    "SNA": 4.302873799859699e-13,
    "GNRC": 0.0,
    "XYL": 0.0,
    "ROP": 0.0,
    "FDX": 6.678765276122087e-13,
    "NSC": 7.563680408533042e-13,
    "UNP": 1.2872924170400502e-13,
    "CSX": 0.0011030646057463972,
    "JBHT": 0.007035522295525594,
    "ODFL": 4.483324078183553e-13,
    "EXPD": 2.8596030819749007e-13,
    "CHRW": 0.00285036850380267,
    "GWW": 0.0,
    "URI": 0.0,
    "PCAR": 1.0284725926212273e-14,
    "CTAS": 4.78705931466173e-14,
    "VRSK": 2.2466575776547306e-14,
    "RSG": 6.826979516212034e-13,
    "WM": 0.0008426907504170895,
    "AXON": 1.9406744321369514e-13,
    "HII": 2.4192196485238167e-13,
    "TXT": 1.1571200528858698e-13,
    "HWM": 0.016293050648733882,
    "CVX": 0.002719725664918458,
    "COP": 0.0,
    "EOG": 2.7319737211426313e-14,
    "MPC": 0.0,
    "VLO": 0.013583350015700534,
    "PSX": 2.0922452941990776e-13,
    "DVN": 0.0,
    "OXY": 0.0,
    "SLB": 8.324115637546113e-14,
    "HAL": 2.7954100955486675e-14,
    "BKR": 7.50346669978273e-14,
    "CTRA": 2.853887130943169e-13,