{
  "timestamp": "2026-04-23T12:07:05.802585Z",
  "total_value": 100000.0,
  "weights": {
    "SPY": 5.343633088253559e-15,
    "QQQ": 5.48759177901532e-15,
    "IWM": 1.1849008720343985e-15,
    "DIA": 7.290227741859225e-15,
    "MDY": 3.905025103011441e-15,
    "VTI": 6.5124916819039654e-15,
    "VOO": 7.34410186018444e-15,
    "VTV": 8.399390570294894e-15,
    "VUG": 6.6226227899842676e-15,
    "VNQ": 9.122843443676241e-15,
    "XLK": 4.641722605242584e-15,
    "XLF": 7.016486516474573e-15,
    "XLV": 4.217656425035248e-15,
    "XLE": 1.14298750351673e-14,
    "XLY": 3.197052212805072e-15,
    "XLP": 1.1334724622618791e-14,
    "XLI": 6.848023474567597e-15,
    "XLB": 6.361252273899367e-15,
    "XLU": 1.1459173603738828e-14,
    "XLRE": 8.994500772410322e-15,
    "XLC": 1.0463076321317744e-14,
    "GDX": 1.3101471723393797e-14,
    "GLD": 1.32466250592797e-14,
    "SLV": 1.2433564458487616e-14,
    "USO": 0.09010397339026292,
    "UNG": 6.346631070820922e-15,
    "TLT": 1.5080145840689865e-14,
    "IEF": 0.07683365356606595,
    "SHY": 1.4543662631713e-14,
    "HYG": 1.2190770872514759e-14,
    "LQD": 1.3760671501178203e-14,
    "BND": 1.4575788059504422e-14,
    "AGG": 1.4545235633732186e-14,
    "AAPL": 9.863555351929535e-15,
    "MSFT": 1.0682485679597675e-14,
    "NVDA": 0.006658544921776464,
    "GOOGL": 0.08770382261919299,
    "GOOG": 9.485586998900442e-12,
    "META": 5.973381919248837e-15,
    "AMZN": 6.068552157210581e-15,
    "TSLA": 1.2570769905598179e-14,
    "BRK-B": 8.10229707753512e-15,
    "AMD": 3.100771547052409e-15,
    "AVGO": 0.00488292941512257,
    "ORCL": 4.62764875886742e-15,
    "INTC": 2.674089506910451e-13,
    "QCOM": 2.210833838698573e-14,
    "TXN": 2.9868126794669778e-15,
    "MU": 0.042127184487701065,
    "ADI": 1.0059105716270094e-14,
    "AMAT": 3.3772302501871496e-15,
    "LRCX": 0.0028288450142274764,
    "KLAC": 2.2685225027235296e-15,
    "ASML": 2.803098807261904e-15,
    "TSM": 4.847044289591428e-15,
    "MCHP": 5.020139934219026e-15,
    "MPWR": 7.580637679895888e-16,
    "ENPH": 3.402734897873463e-14,
    "FSLR": 1.1009776964548227e-14,
    "SEDG": 2.1093313391581322e-14,
    "RUN": 3.762801150319087e-14,
    "PLUG": 2.341892524686215e-15,
    "CRM": 1.882901956441374e-15,
    "ADBE": 2.051415715553386e-15,
    "NOW": 1.2371940412410367e-14,
    "INTU": 3.1383840013467323e-15,
    "CDNS": 2.736175670845446e-15,
    "SNPS": 1.0147326032490352e-14,
    "CTSH": 1.138454185988737e-15,
    "EPAM": 1.1620020409387888e-14,
    "PLTR": 1.137587423376457e-14,
    "CRWD": 7.687173968991692e-16,
    "NET": 8.641564066508477e-15,
    "SNOW": 2.354928912862748e-15,
    "DDOG": 7.44088470998314e-15,
    "PANW": 4.383231587156144e-15,
    "ZS": 3.8912458238647994e-15,
    "FTNT": 3.3664221443209927e-15,
    "OKTA": 9.426990676679998e-15,
    "TWLO": 0.00946299418518314,
    "MDB": 4.708507610012533e-15,
    "HUBS": 3.7024916651008347e-14,
    "VEEV": 3.672138125275091e-15,
    "WDAY": 8.62293146684783e-15,
    "ZM": 9.495433357486958e-15,
    "DOCU": 1.6286436586623283e-14,
    "DT": 7.555427637303277e-16,
    "AI": 9.585936023923514e-14,
    "JPM": 8.904833438100531e-15,
    "BAC": 1.0552776316469803e-14,
    "GS": 1.0281868793684472e-14,
    "MS": 9.894972943946482e-15,
    "V": 5.725972413818352e-15,
    "MA": 7.22772146184579e-15,
    "C": 0.06844790261206234,
    "WFC": 4.535139097588275e-15,
    "AXP": 7.301502251215201e-15,
    "BLK": 6.615135853411343e-16,
    "SCHW": 9.855941086199567e-15,
    "CB": 0.014549600338956446,
    "AON": 1.119452910738552e-14,
    "TRV": 1.5624592501125197e-14,
    "PGR": 1.1422121022389261e-14,
    "ALL": 0.02150110132338112,
    "MET": 1.8961008896563178e-15,
    "PRU": 1.5842787231077473e-15,
    "HIG": 1.5420331277853483e-14,
    "SOFI": 7.84123289425236e-15,
    "AFRM": 2.5729380178005303e-15,
    "UPST": 5.156234574726521e-14,
    "NU": 9.186323993021185e-15,
    "COIN": 6.205205836495289e-14,
    "HOOD": 1.725036419112564e-14,
    "PYPL": 7.746655026688792e-15,
    "JNJ": 0.09010397339026292,
    "UNH": 3.956421895082013e-15,
    "LLY": 3.420726995538702e-15,
    "ABBV": 6.9955544787134355e-15,
    "PFE": 8.084310073354048e-15,
    "MRK": 1.1590701213995219e-14,
    "TMO": 5.117725849998672e-16,
    "DHR": 9.182259644360601e-15,
    "ABT": 0.0,
    "AMGN": 7.877736788079475e-15,
    "GILD": 5.800086278459565e-15,
    "BIIB": 7.815353076713205e-15,
    "REGN": 5.2168956871946466e-15,
    "VRTX": 1.2565660866081771e-14,
    "ISRG": 0.0,
    "SYK": 5.1660929219458546e-15,
    "BSX": 1.7324719112339988e-14,
    "MDT": 1.9056136624947966e-15,
    "MRNA": 2.4760836473597435e-14,
    "BNTX": 2.936417441747303e-14,
    "NVAX": 4.153837722536197e-14,
    "CVS": 1.5215735119863765e-14,
    "HUM": 3.66952405697968e-15,
    "ELV": 6.916738096973234e-15,
    "CNC": 1.5808962992770164e-14,
    "CI": 3.5338749553942225e-15,
    "XOM": 1.4802785275487616e-14,
    "CVX": 1.660851288466337e-14,
    "COP": 6.326411125584393e-15,
    "SLB": 4.753591804526729e-15,
    "EOG": 7.333491975622514e-15,
    "MPC": 1.1843736824224135e-14,
    "VLO": 0.04131060284489588,
    "PSX": 9.371795661893262e-15,
    "OXY": 8.121156460696964e-15,
    "HAL": 9.179799714669611e-15,
    "BKR": 9.604865486185418e-15,
    "DVN": 7.38250303122865e-15,
    "FANG": 7.170128249589346e-15,
    "APA": 0.0010766600262719283,
    "BP": 1.494463085731217e-14,
    "SHEL": 1.0180047717382643e-14,
    "TTE": 0.009674181148869183,
    "ENB": 0.028901261541386586,
    "HD": 2.6588860719285673e-15,
    "WMT": 0.07734792762125162,
    "COST": 1.2322468966148672e-14,
    "MCD": 1.0937736161582165e-14,
    "NKE": 1.2257068806323235e-14,
    "SBUX": 3.5166713889290915e-15,
    "TGT": 9.505645654476866e-15,
    "LOW": 4.560143380322223e-15,
    "BKNG": 5.945711705237173e-15,
    "ABNB": 5.493414465367631e-15,
    "TJX": 1.5376275657767945e-14,
    "ROST": 1.4588157549934218e-14,
    "DLTR": 8.226035727210577e-15,
    "DG": 9.887563186920691e-14,
    "YUM": 1.4679948967363247e-14,
    "CMG": 1.2719364997872563e-14,
    "DPZ": 3.2180444703941442e-15,
    "QSR": 0.0017125282039866941,
    "GM": 9.200400166798736e-05,
    "F": 4.392884011802717e-15,
    "RIVN": 9.363134820823674e-15,
    "LCID": 1.1554813495801903e-13,
    "NIO": 8.900295246032365e-15,
    "XPEV": 2.247634166663154e-14,
    "LI": 1.447950785119499e-14,
    "PG": 9.967425070917875e-15,
    "KO": 1.52639094738905e-14,
    "PEP": 1.1708631636983486e-14,
    "PM": 1.433563379377305e-14,
    "MO": 0.082725541865032,
    "CL": 9.344136815352653e-15,
    "EL": 1.2592344831751224e-14,
    "CHD": 6.989250874044372e-15,
    "CLX": 8.182928445683895e-15,
    "GIS": 5.3009218728527486e-17,
    "GE": 7.3099142700496e-15,
    "CAT": 0.02408315118452185,
    "DE": 9.403636580601684e-15,
    "HON": 8.44819266357754e-15,
    "UNP": 7.966112513736704e-15,
    "UPS": 4.147197930483824e-15,
    "FDX": 1.4726008089447553e-14,
    "LMT": 1.0379441265541934e-14,
    "RTX": 1.1019273601278467e-14,
    "NOC": 1.306567101768579e-14,
    "GD": 7.194319472025953e-15,
    "BA": 5.7206810728725316e-15,
    "MMM": 0.0,
    "EMR": 2.2956291948569305e-15,
    "ETN": 7.694555941052086e-16,
    "PH": 1.0569603433139026e-14,
    "ROK": 8.801586007250603e-15,
    "ITW": 4.9185358063138956e-15,
    "IR": 1.217472971467398e-14,
    "DOV": 4.574761333110715e-15,
    "WM": 1.5384205904022575e-14,
    "LIN": 1.3205532895441054e-14,
    "APD": 9.494772743486823e-15,
    "SHW": 7.264764900004628e-15,
    "FCX": 4.592373169427854e-16,
    "NEM": 9.74764982370027e-13,
    "NUE": 1.4493941506014607e-14,
    "VMC": 8.043765987358656e-15,
    "MLM": 1.0588794046268738e-14,
    "ALB": 0.011876009217708516,
    "MOS": 1.5148573166871854e-14,
    "NEE": 1.5641574743701475e-14,
    "DUK": 1.801544927187508e-14,
    "SO": 1.5922881795764308e-14,
    "D": 1.6504894868043928e-14,
    "AEP": 0.020100181098764346,
    "EXC": 1.359075944279963e-14,
    "XEL": 1.3932104383837622e-14,
    "WEC": 1.3835291887162544e-14,