{
  "timestamp": "2026-04-17T23:08:57.206964Z",
  "total_value": 100000.0,
  "weights": {
    "SPY": 9.629917322160802e-13,
    "QQQ": 1.112799827535569e-12,
    "IWM": 0.0,
    "GLD": 1.4346548389236601e-12,
    "TLT": 1.5898382779941566e-11,
    "AAPL": 0.03515627996630121,
    "MSFT": 0.044001329068658175,
    "NVDA": 0.06435107563253144,
    "GOOGL": 0.0,
    "AMZN": 0.015297262833117265,
    "META": 0.022625157453643803,
    "TSLA": 0.006033242150265267,
    "JPM": 7.030232963440271e-13,
    "GS": 1.502317464855174e-12,
    "V": 6.120991910353139e-13,
    "UNH": 0.0,
    "LLY": 6.826514143497931e-13,
    "XOM": 1.3810081236152317e-12,
    "HD": 0.0,
    "COST": 0.003357805410607192,
    "AVGO": 0.03040547258197145,
    "ORCL": 6.20568258817702e-13,
    "AMD": 0.010480167939236295,
    "INTC": 0.00045283011868741356,
    "QCOM": 0.0,
    "TXN": 1.2899894661255626e-12,
    "AMAT": 0.0025709763715923467,
    "LRCX": 0.007256314967054092,
    "KLAC": 5.887507343471567e-13,
    "ADI": 0.00976199027277659,
    "MU": 0.010254278584878807,
    "ON": 0.005369513027803856,
    "SWKS": 0.0,
    "CDNS": 0.0,
    "SNPS": 0.0,
    "FTNT": 0.0,
    "CTSH": 0.0,
    "AKAM": 3.6274694971646124e-14,
    "WDC": 0.013153011860792964,
    "DELL": 0.003039340948731626,
    "HPE": 5.040185280655771e-13,
    "HPQ": 0.0,
    "EPAM": 0.0,
    "KEYS": 8.057003080259611e-13,
    "MPWR": 9.7302637646689e-13,
    "ENTG": 0.0,
    "CRM": 2.8137568600302563e-13,
    "ADBE": 1.6658129467978683e-13,
    "NOW": 0.0,
    "INTU": 0.003310699429099846,
    "TEAM": 0.0,
    "WDAY": 0.0,
    "DDOG": 0.0,
    "SNOW": 1.2348253103091537e-13,
    "ZS": 0.0,
    "CRWD": 2.3576649779335422e-14,
    "OKTA": 0.0,
    "NET": 0.0,
    "HUBS": 0.0,
    "VEEV": 0.0,
    "MDB": 0.0034560565574022835,
    "CFLT": 0.0031324571605642966,
    "S": 0.0,
    "ASAN": 0.0,
    "GTLB": 0.0,
    "TWLO": 0.004048985642146284,
    "ZM": 1.1989291231136535e-12,
    "DOCU": 1.352985347956574e-13,
    "PAYC": 0.0,
    "PCTY": 0.0,
    "TTD": 0.0,
    "SHOP": 1.3060186726734914e-13,
    "MELI": 9.00629707165574e-13,
    "AFRM": 0.005361370655355373,
    "SOFI": 7.129325057760856e-13,
    "BOX": 0.002514939376654868,
    "DOCN": 0.0,
    "RNG": 0.006877382431753891,
    "FIVN": 0.0,
    "GOOG": 0.05329691800953043,
    "NFLX": 0.007819707169549078,
    "DIS": 1.1400135702459387e-12,
    "CMCSA": 0.005889610539743709,
    "VZ": 0.011538729010421982,
    "T": 0.006374854238167289,
    "TMUS": 0.00018795825009244998,
    "CHTR": 0.0,
    "LYV": 9.577159875311156e-13,
    "EA": 0.016057082593349526,
    "TTWO": 8.771128181291232e-13,
    "SNAP": 0.0,
    "PINS": 0.0,
    "SPOT": 0.003744272834014509,
    "OMC": 1.699707625075894e-13,
    "WBD": 0.0065804715221599395,
    "MTCH": 6.17143622868865e-13,
    "RBLX": 0.0,
    "MCD": 1.4606003037721112e-12,
    "NKE": 0.0,
    "LOW": 7.422338595962324e-13,
    "SBUX": 4.2009886253815587e-13,
    "BKNG": 1.3924289306885127e-12,
    "TJX": 1.282285297001477e-12,
    "CMG": 0.0,
    "ORLY": 9.369729647268121e-13,
    "AZO": 1.118291399574474e-12,
    "ROST": 0.005169297411741043,
    "DHI": 0.0,
    "LEN": 0.0,
    "MAR": 0.018767277019066823,
    "HLT": 1.3962440401695796e-12,
    "GM": 0.00973963021881886,
    "F": 0.0,
    "APTV": 0.0,
    "UBER": 0.0,
    "LYFT": 0.0,
    "ABNB": 0.009683451763535545,
    "EXPE": 0.0024152092636814592,
    "CCL": 0.0,
    "RCL": 5.758151710068002e-13,
    "NCLH": 0.0,
    "DAL": 3.0335797634114333e-13,
    "UAL": 0.0,
    "AAL": 0.0,
    "LUV": 7.865870447051687e-13,
    "RIVN": 8.249241950091458e-13,
    "DKNG": 0.0,
    "MGM": 0.0,
    "WYNN": 6.145212985081262e-13,
    "LVS": 7.763954481223458e-13,
    "WMT": 0.02747131994387481,
    "PG": 1.2158755548951579e-12,
    "KO": 1.7304374822578978e-12,
    "PEP": 0.0012079951483769079,
    "PM": 7.926424318412071e-13,
    "MO": 0.01644174710498463,
    "MDLZ": 8.57714014999582e-13,
    "CL": 9.133838908725554e-13,
    "EL": 8.098474363470731e-13,
    "KHC": 1.5776315673671774e-13,
    "GIS": 0.0,
    "HSY": 1.0951249398983636e-12,
    "CLX": 0.0,
    "KMB": 0.0,
    "TSN": 2.203517568132916e-13,
    "HRL": 0.0,
    "STZ": 0.0,
    "KR": 0.0,
    "SFM": 0.0,
    "JNJ": 0.04431650464833428,
    "ABBV": 1.5912332664354484e-12,
    "MRK": 0.012436904360470985,
    "TMO": 4.2645280925835503e-13,
    "ABT": 0.0,
    "DHR": 0.0,
    "BMY": 1.2325290210247871e-12,
    "AMGN": 8.288267198922201e-13,
    "MDT": 1.8508664101923053e-14,
    "ISRG": 2.422119067995951e-13,
    "SYK": 1.1157055696488642e-12,
    "BSX": 0.0,
    "EW": 1.3399111674979312e-12,
    "REGN": 8.45572572789822e-13,
    "GILD": 1.1260905774524017e-12,
    "VRTX": 0.0,
    "BIIB": 5.125171244171464e-13,
    "ILMN": 0.0013754674981658302,
    "IQV": 7.333879475437685e-13,
    "MRNA": 0.0,
    "PFE": 1.2319699595660344e-12,
    "DXCM": 0.0,
    "ALGN": 0.0,
    "IDXX": 8.632537035100339e-13,
    "HUM": 0.0,
    "CI": 1.9907784195500746e-13,
    "CVS": 1.4058036061705333e-12,
    "ELV": 0.0,
    "CNC": 0.0,
    "MCK": 7.240325787855712e-13,
    "CAH": 0.0022331319279595566,
    "HOLX": 0.010848591822763742,
    "BDX": 0.0,
    "MTD": 4.1906926304690783e-13,
    "WAT": 0.0,
    "BAC": 0.005110285126497062,
    "WFC": 8.95498845200214e-13,
    "MS": 0.0070378219669177166,
    "BLK": 0.0,
    "SPGI": 0.0,
    "MCO": 0.009104443311676034,
    "COF": 1.3643799491952224e-13,
    "AXP": 1.1890953630292896e-12,
    "MA": 7.467261288750813e-13,
    "PYPL": 2.2266387178804024e-13,
    "SCHW": 7.020267090667525e-13,
    "CB": 0.003033734937738216,
    "AIG": 1.1753637825446824e-12,
    "PGR": 4.843497048402412e-13,
    "ALL": 0.016744079257493022,
    "TRV": 1.6781231856768698e-12,
    "MET": 1.4789811637267992e-13,
    "PRU": 0.0,
    "AFL": 9.50272469133356e-13,
    "USB": 1.5248177674529342e-12,
    "PNC": 1.6376523873306846e-12,
    "TFC": 1.4291633169219939e-12,
    "FITB": 1.0698296767417937e-12,
    "KEY": 1.4634910874999975e-12,
    "RF": 9.57717955533533e-13,
    "HBAN": 0.0,
    "CFG": 1.4105128909862303e-12,
    "STT": 0.008526115460064682,
    "BK": 0.01983038508449163,
    "CME": 7.994095447734407e-13,
    "CBOE": 0.022527683247171904,
    "ICE": 5.374022453026229e-13,
    "NDAQ": 1.5219791366811654e-12,
    "MSCI": 4.668028519717918e-13,
    "FDS": 0.0,
    "HOOD": 1.2379659243935364e-12,
    "RJF": 0.0,
    "LPLA": 0.0,
    "HON": 0.006076989278265489,
    "UPS": 2.562317838727014e-13,
    "RTX": 8.398489728920159e-13,
    "CAT": 1.653340040754921e-12,
    "DE": 1.5238955349390573e-13,
    "ETN": 0.0,
    "GE": 1.299830488915506e-12,
    "LMT": 1.1784502299876727e-12,
    "NOC": 1.3169267715371995e-12,
    "GD": 3.621431770196319e-13,
    "BA": 1.610084980046376e-12,
    "MMM": 0.0,
    "EMR": 4.484722453428785e-13,
    "ITW": 0.0,
    "ROK": 1.030290686323935e-12,
    "PH": 1.2681269447671083e-12,
    "DOV": 2.768872440835046e-13,
    "FAST": 7.642710954337959e-13,
    "SWK": 0.0,
    "SNA": 8.835145834518481e-13,
    "GNRC": 0.0,
    "XYL": 0.0,
    "ROP": 0.0,
    "FDX": 1.3704608987958669e-12,
    "NSC": 1.547074275896758e-12,
    "UNP": 2.6449195829742685e-13,
    "CSX": 0.0010307126372543149,
    "JBHT": 0.007039094037541098,
    "ODFL": 9.35896415833658e-13,
    "EXPD": 5.682175203456972e-13,
    "CHRW": 0.002847240182652427,
    "GWW": 0.0,
    "URI": 0.0,
    "PCAR": 2.102141382960571e-14,
    "CTAS": 8.459096853426334e-14,
    "VRSK": 3.095536040996853e-14,
    "RSG": 1.4035689216314972e-12,
    "WM": 0.0006990038951845755,
    "AXON": 3.702250717938731e-13,
    "HII": 4.799363078574319e-13,
    "TXT": 2.2584804565414617e-13,
    "HWM": 0.016290201869922576,
    "CVX": 0.002765220932762965,
    "COP": 0.0,
    "EOG": 6.09960381417573e-14,
    "MPC": 0.0,
    "VLO": 0.013576842714314925,
    "PSX": 4.3799606633884213e-13,
    "DVN": 0.0,
    "OXY": 0.0,
    "SLB": 1.7487384792151695e-13,
    "HAL": 6.764078708982553e-14,
    "BKR": 1.7955812256656994e-13,
    "CTRA": 5.858115824293465e-13,