{
  "timestamp": "2026-05-05T06:30:01.502672+00:00",
  "source": "portfolio_constructor_v1.1.0",
  "method": "black_litterman_hrp",
  "n_assets": 50,
  "allocations": {
    "LRCX": 0.025291,
    "CDNS": 0.024948,
    "META": 0.024741,
    "TSLA": 0.024009,
    "ELV": 0.023736,
    "DG": 0.023589,
    "NET": 0.023288,
    "PGR": 0.022597,
    "TSM": 0.022299,
    "VTI": 0.022024,
    "GD": 0.021732,
    "NIO": 0.02164,
    "COP": 0.020768,
    "TME": 0.02024,
    "UNH": 0.020117,
    "NUE": 0.019914,
    "LMT": 0.019878,
    "ETR": 0.019685,
    "DDOG": 0.019534,
    "ORCL": 0.019473
  },
  "bl_returns": {
    "UNH": 0.034809,
    "ALL": 0.024758,
    "TSM": 0.019647,
    "ELV": 0.023942,
    "NET": 0.024288,
    "LRCX": 0.036077,
    "VRTX": 0.038109,
    "HUM": 0.043077,
    "ADI": 0.024139,
    "INTU": 0.028777,
    "GOOGL": 0.036286,
    "GOOG": 0.038562,
    "AMAT": 0.027595,
    "AWK": 0.020731,
    "GD": 0.024613,
    "TSLA": 0.025269,
    "CDNS": 0.023572,
    "DG": 0.023838,
    "VTI": 0.032638,
    "MPC": 0.038763
  },
  "hrp_weights": {
    "UNH": 0.021176,
    "ALL": 0.020366,
    "TSM": 0.023473,
    "ELV": 0.024985,
    "NET": 0.024514,
    "LRCX": 0.026622,
    "VRTX": 0.016837,
    "HUM": 0.016294,
    "ADI": 0.016694,
    "INTU": 0.020308,
    "GOOGL": 0.017252,
    "GOOG": 0.018148,
    "AMAT": 0.019193,
    "AWK": 0.017439,
    "GD": 0.022876,
    "TSLA": 0.025273,
    "CDNS": 0.026261,
    "DG": 0.02483,
    "VTI": 0.023183,
    "MPC": 0.020177
  },
  "metrics": {
    "sharpe": 4.1098,
    "volatility": 0.0326,
    "expected_return": 0.184,
    "max_drawdown": -0.0097,
    "target_sharpe": 2.0,
    "target_max_dd": 0.08,
    "sharpe_ok": true,
    "dd_ok": true
  },
  "constraints": {
    "max_position": 0.15,
    "cash_reserve": 0.05,
    "delta_limit": 0.2,
    "target_sharpe": 2.0,
    "max_drawdown": 0.08
  },
  "portfolio_ok": true,
  "cycle": 1
}