{
  "timestamp": "2026-04-23T04:28:37.776636Z",
  "total_value": 100000.0,
  "weights": {
    "SPY": 0.0,
    "QQQ": 0.0,
    "IWM": 0.0,
    "DIA": 0.0,
    "MDY": 0.0,
    "VTI": 0.0,
    "VOO": 0.0,
    "VTV": 0.0,
    "VUG": 0.0,
    "VNQ": 0.0,
    "XLK": 0.0,
    "XLF": 0.0,
    "XLV": 0.0,
    "XLE": 0.0,
    "XLY": 0.0,
    "XLP": 0.0,
    "XLI": 0.0,
    "XLB": 0.0,
    "XLU": 0.0,
    "XLRE": 0.0,
    "XLC": 0.0,
    "GDX": 0.0,
    "GLD": 0.0,
    "SLV": 0.0,
    "USO": 0.09010412651680189,
    "UNG": 0.0,
    "TLT": 0.0,
    "IEF": 0.07682830446534876,
    "SHY": 0.0,
    "HYG": 0.0,
    "LQD": 0.0,
    "BND": 0.0,
    "AGG": 0.0,
    "AAPL": 0.0,
    "MSFT": 0.0,
    "NVDA": 0.00665864741983387,
    "GOOGL": 0.08770438617615121,
    "GOOG": 2.7598376208708486e-11,
    "META": 0.0,
    "AMZN": 0.0,
    "TSLA": 3.6829900537529945e-14,
    "BRK-B": 0.0,
    "AMD": 0.0,
    "AVGO": 0.0048830218689279135,
    "ORCL": 1.2114745821014982e-14,
    "INTC": 0.0,
    "QCOM": 6.244985613768223e-14,
    "TXN": 0.0,
    "MU": 0.04212727639686648,
    "ADI": 0.0,
    "AMAT": 0.0,
    "LRCX": 0.0028290750555095023,
    "KLAC": 0.0,
    "ASML": 0.0,
    "TSM": 0.0,
    "MCHP": 1.2977176300179236e-14,
    "MPWR": 0.0,
    "ENPH": 9.780431380660014e-14,
    "FSLR": 3.1585401005719124e-14,
    "SEDG": 0.0,
    "RUN": 3.635988955649658e-14,
    "PLUG": 0.0,
    "CRM": 4.9938030972586234e-15,
    "ADBE": 0.0,
    "NOW": 3.681970130294321e-14,
    "INTU": 0.0,
    "CDNS": 6.228205986983497e-15,
    "SNPS": 3.031253245031186e-14,
    "CTSH": 2.8672950876070626e-15,
    "EPAM": 3.475667111048721e-14,
    "PLTR": 3.3565708325297553e-14,
    "CRWD": 3.0841967327530757e-15,
    "NET": 0.0,
    "SNOW": 6.444167351404577e-15,
    "DDOG": 0.0,
    "PANW": 0.0,
    "ZS": 1.1822462717367537e-14,
    "FTNT": 9.920535807716273e-15,
    "OKTA": 2.6049516277116703e-14,
    "TWLO": 0.00946303761620364,
    "MDB": 0.0,
    "HUBS": 1.0527223483238519e-13,
    "VEEV": 1.128006782526373e-14,
    "WDAY": 2.369684521031739e-14,
    "ZM": 0.0,
    "DOCU": 4.6710649634383904e-14,
    "DT": 0.0,
    "AI": 2.7680664302737185e-13,
    "JPM": 0.0,
    "BAC": 0.0,
    "GS": 0.0,
    "MS": 0.0,
    "V": 0.0,
    "MA": 0.0,
    "C": 0.06844851551421578,
    "WFC": 0.0,
    "AXP": 0.0,
    "BLK": 0.0,
    "SCHW": 0.0,
    "CB": 0.014549199447480643,
    "AON": 0.0,
    "TRV": 0.0,
    "PGR": 0.0,
    "ALL": 0.021501457242964574,
    "MET": 0.0,
    "PRU": 3.793840750452759e-15,
    "HIG": 0.0,
    "SOFI": 2.3018441565631235e-14,
    "AFRM": 0.0,
    "UPST": 1.4749829206568064e-13,
    "NU": 2.677884023972077e-14,
    "COIN": 1.7724530526360342e-13,
    "HOOD": 4.936368839104758e-14,
    "PYPL": 1.9209526096194514e-14,
    "JNJ": 0.09010412651680189,
    "UNH": 1.1363009863204194e-14,
    "LLY": 0.0,
    "ABBV": 0.0,
    "PFE": 0.0,
    "MRK": 0.0,
    "TMO": 0.0,
    "DHR": 2.7889156383663794e-14,
    "ABT": 0.0,
    "AMGN": 0.0,
    "GILD": 0.0,
    "BIIB": 0.0,
    "REGN": 0.0,
    "VRTX": 3.557659158582558e-14,
    "ISRG": 0.0,
    "SYK": 0.0,
    "BSX": 4.850060437376842e-14,
    "MDT": 0.0,
    "MRNA": 7.072965669217269e-14,
    "BNTX": 8.351481941068949e-14,
    "NVAX": 1.1825524218812727e-13,
    "CVS": 0.0,
    "HUM": 1.0079324340666185e-14,
    "ELV": 2.0119641477481554e-14,
    "CNC": 4.5011910276920254e-14,
    "CI": 0.0,
    "XOM": 0.0,
    "CVX": 0.0,
    "COP": 0.0,
    "SLB": 0.0,
    "EOG": 0.0,
    "MPC": 0.0,
    "VLO": 0.04131057080838432,
    "PSX": 0.0,
    "OXY": 0.0,
    "HAL": 0.0,
    "BKR": 0.0,
    "DVN": 0.0,
    "FANG": 0.0,
    "APA": 0.0010768853879277104,
    "BP": 0.0,
    "SHEL": 0.0,
    "TTE": 0.009674450584609322,
    "ENB": 0.02890168925086516,
    "HD": 0.0,
    "WMT": 0.07734861900744426,
    "COST": 0.0,
    "MCD": 0.0,
    "NKE": 3.453467179157115e-14,
    "SBUX": 0.0,
    "TGT": 0.0,
    "LOW": 0.0,
    "BKNG": 0.0,
    "ABNB": 0.0,
    "TJX": 0.0,
    "ROST": 0.0,
    "DLTR": 0.0,
    "DG": 2.8735738404568655e-13,
    "YUM": 0.0,
    "CMG": 3.5586390736874577e-14,
    "DPZ": 8.919407515241027e-15,
    "QSR": 0.0017124408512436946,
    "GM": 9.216689116743009e-05,
    "F": 0.0,
    "RIVN": 2.6687392885077185e-14,
    "LCID": 3.307355985241853e-13,
    "NIO": 0.0,
    "XPEV": 6.690440928948952e-14,
    "LI": 4.280851152372058e-14,
    "PG": 0.0,
    "KO": 0.0,
    "PEP": 0.0,
    "PM": 0.0,
    "MO": 0.08272618743218174,
    "CL": 0.0,
    "EL": 3.5419916283040035e-14,
    "CHD": 0.0,
    "CLX": 2.278983815712996e-14,
    "GIS": 0.0,
    "GE": 0.0,
    "CAT": 0.0240830233231848,
    "DE": 0.0,
    "HON": 0.0,
    "UNP": 0.0,
    "UPS": 0.0,
    "FDX": 0.0,
    "LMT": 0.0,
    "RTX": 0.0,
    "NOC": 0.0,
    "GD": 0.0,
    "BA": 0.0,
    "MMM": 0.0,
    "EMR": 0.0,
    "ETN": 1.9703442832643147e-15,
    "PH": 0.0,
    "ROK": 0.0,
    "ITW": 0.0,
    "IR": 3.5723567140940767e-14,
    "DOV": 0.0,
    "WM": 0.0,
    "LIN": 0.0,
    "APD": 0.0,
    "SHW": 0.0,
    "FCX": 0.0,
    "NEM": 2.8187311920257946e-12,
    "NUE": 0.0,
    "VMC": 0.0,
    "MLM": 0.0,
    "ALB": 0.011876061039167737,
    "MOS": 4.1861489269703366e-14,
    "NEE": 0.0,
    "DUK": 0.0,
    "SO": 0.0,
    "D": 0.0,
    "AEP": 0.02010014110625546,
    "EXC": 0.0,
    "XEL": 0.0,
    "WEC": 0.0,
    "ES": 0.0,
    "ETR": 0.0,
    "AWK": 0.0,
    "O": 0.0,
    "SPG": 0.0,
    "PLD": 0.0,
    "AMT": 0.0,
    "CCI": 0.0,
    "EQIX": 0.0,
    "DLR": 0.0,
    "PSA": 0.0,
    "EQR": 0.0,
    "AVB": 0.0,
    "NFLX": 0.0,
    "DIS": 0.0,
    "CMCSA": 0.0,
    "T": 0.015922519262853735,
    "VZ": 0.02183736058410963,
    "TMUS": 0.0,
    "CHTR": 1.7571314934392513e-14,
    "WBD": 0.050151786675558176,
    "EWJ": 0.0,
    "EWG": 0.0,
    "EWQ": 0.0,
    "EWU": 0.0,
    "EWL": 0.0,
    "EWI": 0.0,
    "EWP": 0.0,
    "EWN": 0.0,
    "EWD": 0.0,
    "FXI": 0.0,
    "KWEB": 4.5143065353215185e-14,
    "EWT": 0.0,
    "EWY": 0.03218718331473493,
    "EWA": 0.0,
    "EWH": 0.0,
    "EWS": 0.0,
    "EPI": 0.0,
    "INDA": 0.0,
    "EWZ": 0.0,
    "EWC": 0.0,
    "EWW": 0.0,
    "EZA": 0.0,
    "EEM": 0.0,
    "VEA": 0.0,
    "VWO": 0.0,
    "IEFA": 0.0,
    "IEMG": 0.0,
    "ACWI": 0.0,
    "KSA": 0.0,
    "UAE": 0.0,
    "AFK": 0.0,
    "EWM": 0.0,
    "BABA": 3.123060375389588e-14,
    "JD": 3.2135681370634455e-14,
    "PDD": 2.5477729369368873e-14,
    "NTES": 0.0,
    "TCEHY": 2.0688580341812056e-14,
    "BIDU": 1.890595766959325e-14,
    "BILI": 4.747576737310927e-14,
    "TME": 6.165595327097796e-14,
    "IQ": 1.0796347212365135e-13,
    "HUYA": 0.0,
    "DOYU": 8.4433213912887e-14,
    "VNET": 1.2265668552484028e-13,
    "GDS": 2.89468610211414e-14,
    "BEKE": 5.687537888924754e-14,
    "GRAB": 7.847671575209545e-14,
    "SEA": 0.0,
    "SHOP": 2.357372549136733e-14,
    "MELI": 2.0645746696007172e-14,
    "VALE": 0.0,
    "PBR": 0.0,
    "ITUB": 0.0,
    "BBD": 0.0,
    "GLOB": 1.3177644119897228e-13,
    "VTEX": 5.891007175950444e-14,
    "ARCO": 0.0,
    "TS": 0.0,
    "LOMA": 4.3730433519588023e-14,
    "MARA": 2.949467313155748e-13,
    "RIOT": 1.4739337196585857e-13,
    "IBIT": 1.2167919561887473e-13,
    "GBTC": 1.2317101356429019e-13,
    "FBTC": 1.2171237034783935e-13,
    "BTCO": 1.209588178454251e-13,
    "ARKB": 1.2139666059166627e-13,
    "HUT": 4.085598166688646e-12,
    "BITF": 1.5561783083960786e-13,
    "CLSK": 2.5500820897730774e-13,
    "CIFR": 7.177248249542516e-12,
    "IREN": 0.004792788164662254,
    "CORZ": 0.0,
    "RXRX": 2.8247178084690674e-13,
    "BEAM": 1.0856246968544766e-13,
    "EDIT": 1.1720360881406965e-13,
    "CRSP": 6.683094311110227e-14,
    "FATE": 1.5113991348458893e-13,
    "ACAD": 0.0,
    "ALNY": 0.0,
    "IONS": 0.02061339151230121,
    "EXEL": 0.0,
    "FOLD": 0.0073489769738109036,
    "RARE": 1.3879516429674475e-13,
    "ARWR": 0.03304258342193679,
    "CLOV": 1.0158030824543908e-13,
    "HERO": 0.0,
    "OPEN": 8.059350296950087e-12,
    "SKLZ": 1.5099315723661402e-13,
    "DKNG": 6.350047614982591e-14,
    "PENN": 2.1107133245657972e-14,