{
  "timestamp": "2026-04-24T04:31:33.969004Z",
  "total_value": 100000.0,
  "weights": {
    "SPY": 1.2407425363160668e-14,
    "QQQ": 1.2575417852999543e-14,
    "IWM": 3.671928142331035e-15,
    "DIA": 1.5680367095997856e-14,
    "MDY": 7.716772563505748e-15,
    "VTI": 1.3826692066890883e-14,
    "VOO": 1.5114479625519363e-14,
    "VTV": 1.8148545906267538e-14,
    "VUG": 1.3703559007983614e-14,
    "VNQ": 1.7896167112864217e-14,
    "XLK": 1.116405697092587e-14,
    "XLF": 1.1810545334592141e-14,
    "XLV": 1.1142434522364132e-14,
    "XLE": 2.3558300681908563e-14,
    "XLY": 7.544018452010301e-15,
    "XLP": 1.947640869340893e-14,
    "XLI": 1.4697522659321546e-14,
    "XLB": 1.2544934630819159e-14,
    "XLU": 2.124262233503857e-14,
    "XLRE": 1.667509809142657e-14,
    "XLC": 1.9488229732138882e-14,
    "GDX": 2.3102066046055774e-14,
    "GLD": 2.6159878238936586e-14,
    "SLV": 3.2067218779602e-14,
    "USO": 0.090840443849305,
    "UNG": 1.2697124974910019e-14,
    "TLT": 3.0594218983227255e-14,
    "IEF": 0.061681417938723865,
    "SHY": 2.7351796201168388e-14,
    "HYG": 2.3541802233401062e-14,
    "LQD": 2.4968692587168684e-14,
    "BND": 2.8831507711338164e-14,
    "AGG": 2.8325929256147514e-14,
    "AAPL": 1.9997772302717667e-14,
    "MSFT": 1.9260315371890537e-14,
    "NVDA": 0.006797072883723232,
    "GOOGL": 0.08871441056855955,
    "GOOG": 0.0,
    "META": 1.0755667526597539e-14,
    "AMZN": 1.3276777919020534e-14,
    "TSLA": 0.0,
    "BRK-B": 1.509388144461607e-14,
    "AMD": 1.0338279092363518e-14,
    "AVGO": 0.004724205912214076,
    "ORCL": 0.0,
    "INTC": 4.866834814630914e-13,
    "QCOM": 0.0,
    "TXN": 1.409709705812666e-14,
    "MU": 0.043250353676253586,
    "ADI": 2.376039979111436e-14,
    "AMAT": 1.3383700873295597e-14,
    "LRCX": 3.5729303900159037e-13,
    "KLAC": 1.0507698548736182e-14,
    "ASML": 1.1104896598194012e-14,
    "TSM": 1.3704117157308351e-14,
    "MCHP": 9.131674787004282e-16,
    "MPWR": 7.859898792673306e-15,
    "ENPH": 0.0,
    "FSLR": 0.0,
    "SEDG": 3.7214301662183947e-13,
    "RUN": 0.0,
    "PLUG": 4.166723478418972e-15,
    "CRM": 0.0,
    "ADBE": 2.7108458887047892e-15,
    "NOW": 0.0,
    "INTU": 4.501356327920809e-15,
    "CDNS": 0.0,
    "SNPS": 0.0,
    "CTSH": 0.0,
    "EPAM": 0.0,
    "PLTR": 0.0,
    "CRWD": 0.0,
    "NET": 1.8423389235597008e-14,
    "SNOW": 0.0,
    "DDOG": 1.5149720706149468e-14,
    "PANW": 7.396968500725891e-15,
    "ZS": 0.0,
    "FTNT": 0.0,
    "OKTA": 0.0,
    "TWLO": 0.007045285746036913,
    "MDB": 1.102330590957693e-14,
    "HUBS": 0.0,
    "VEEV": 0.0,
    "WDAY": 0.0,
    "ZM": 1.601385113361692e-14,
    "DOCU": 0.0,
    "DT": 0.0,
    "AI": 0.0,
    "JPM": 1.6348327527419277e-14,
    "BAC": 1.9638551716428607e-14,
    "GS": 1.9860731894332647e-14,
    "MS": 1.974935232211823e-14,
    "V": 1.005126993718369e-14,
    "MA": 1.3405362604719898e-14,
    "C": 0.06818336939317235,
    "WFC": 8.577784394264137e-15,
    "AXP": 1.2057159383974642e-14,
    "BLK": 5.002160927737098e-16,
    "SCHW": 1.68707179554704e-14,
    "CB": 0.019938918885825507,
    "AON": 1.9536618307793265e-14,
    "TRV": 2.847302629996112e-14,
    "PGR": 2.039221941738305e-14,
    "ALL": 0.019505323498480612,
    "MET": 3.774987996535249e-15,
    "PRU": 0.0,
    "HIG": 2.8135318161569515e-14,
    "SOFI": 0.0,
    "AFRM": 2.15626149953384e-15,
    "UPST": 0.0,
    "NU": 0.0,
    "COIN": 0.0,
    "HOOD": 0.0,
    "PYPL": 0.0,
    "JNJ": 0.090840443849305,
    "UNH": 0.0,
    "LLY": 6.189841363522094e-15,
    "ABBV": 1.4398870821906956e-14,
    "PFE": 1.6180229758028946e-14,
    "MRK": 2.2894845882237023e-14,
    "TMO": 1.2983788788651887e-15,
    "DHR": 0.0,
    "ABT": 0.0,
    "AMGN": 1.472354861623255e-14,
    "GILD": 1.089618395376065e-14,
    "BIIB": 1.738723673251419e-14,
    "REGN": 1.2983795763599454e-14,
    "VRTX": 0.0,
    "ISRG": 0.0,
    "SYK": 1.0484049055708245e-14,
    "BSX": 0.0,
    "MDT": 3.989643996987397e-15,
    "MRNA": 0.0,
    "BNTX": 0.0,
    "NVAX": 0.0,
    "CVS": 2.8928850745072866e-14,
    "HUM": 0.0,
    "ELV": 0.0,
    "CNC": 0.0,
    "CI": 4.488036954406389e-15,
    "XOM": 2.8039264606032665e-14,
    "CVX": 3.15593169529936e-14,
    "COP": 1.2082382364429635e-14,
    "SLB": 1.0915895078847217e-14,
    "EOG": 1.51870668386157e-14,
    "MPC": 2.165589966631129e-14,
    "VLO": 0.04248747001952394,
    "PSX": 1.7270333916941474e-14,
    "OXY": 1.7452780262711673e-14,
    "HAL": 2.0022006645698152e-14,
    "BKR": 2.1661171898773362e-14,
    "DVN": 1.6083755508142842e-14,
    "FANG": 1.576629288095825e-14,
    "APA": 0.0,
    "BP": 2.8701285275416866e-14,
    "SHEL": 1.9764155889179844e-14,
    "TTE": 0.00924475095466629,
    "ENB": 0.025646049056913558,
    "HD": 5.807467392614049e-15,
    "WMT": 0.07703253108622414,
    "COST": 2.37444958222271e-14,
    "MCD": 2.0146555570879032e-14,
    "NKE": 0.0,
    "SBUX": 7.626341686553158e-15,
    "TGT": 1.9213055333121152e-14,
    "LOW": 1.1370214195525944e-14,
    "BKNG": 1.1467945830859639e-14,
    "ABNB": 1.1105161806363278e-14,
    "TJX": 2.9551587235586414e-14,
    "ROST": 2.8506352589373826e-14,
    "DLTR": 1.5618626517828167e-14,
    "DG": 8.497872873992295e-15,
    "YUM": 2.5118251985896603e-14,
    "CMG": 0.0,
    "DPZ": 0.0,
    "QSR": 0.0070294360335055334,
    "GM": 3.446397766538175e-14,
    "F": 8.99595624201095e-15,
    "RIVN": 0.0,
    "LCID": 0.0,
    "NIO": 1.411316039226275e-14,
    "XPEV": 0.0,
    "LI": 0.0,
    "PG": 1.839276308597628e-14,
    "KO": 3.016837086407747e-14,
    "PEP": 2.2565545686649674e-14,
    "PM": 2.6369620886205834e-14,
    "MO": 0.08529490517501867,
    "CL": 1.6982378692865916e-14,
    "EL": 0.0,
    "CHD": 1.2902795672905334e-14,
    "CLX": 0.0,
    "GIS": 0.0,
    "GE": 1.4947381663043264e-14,
    "CAT": 0.027435210386290057,
    "DE": 1.801426368474295e-14,
    "HON": 1.4335806292301355e-14,
    "UNP": 1.8545468874113497e-14,
    "UPS": 1.117124368035528e-14,
    "FDX": 0.0,
    "LMT": 1.9288900044533197e-14,
    "RTX": 2.0647421465019515e-14,
    "NOC": 2.330094334012999e-14,
    "GD": 1.2559087275828212e-14,
    "BA": 1.3219202865603102e-14,
    "MMM": 9.625908332382288e-16,
    "EMR": 4.399228010176558e-15,
    "ETN": 2.2952420725715353e-15,
    "PH": 2.29913824400654e-14,
    "ROK": 1.7976075275176355e-14,
    "ITW": 9.71091089584609e-15,
    "IR": 0.0,
    "DOV": 1.1049617276675854e-14,
    "WM": 3.010145267390451e-14,
    "LIN": 2.5770671851394827e-14,
    "APD": 1.7017246763899974e-14,
    "SHW": 1.3989518597044598e-14,
    "FCX": 0.0,
    "NEM": 0.0,
    "NUE": 2.742453765353098e-14,
    "VMC": 1.4434541071301604e-14,
    "MLM": 1.9102372889378897e-14,
    "ALB": 0.011384427626366983,
    "MOS": 0.0,
    "NEE": 0.0,
    "DUK": 3.277646002180751e-14,
    "SO": 2.7649601480055662e-14,
    "D": 3.028286176569322e-14,
    "AEP": 0.024026205610346095,
    "EXC": 2.4965442437008633e-14,
    "XEL": 2.5146187472615578e-14,
    "WEC": 2.5821294738915705e-14,
    "ES": 1.9616696877923403e-14,
    "ETR": 2.4955198920236606e-14,
    "AWK": 3.006682760679689e-14,
    "O": 2.524661124813733e-14,
    "SPG": 2.723749621753487e-14,
    "PLD": 2.1787820055901397e-14,
    "AMT": 1.8380255499745735e-14,
    "CCI": 9.483666151072209e-15,
    "EQIX": 2.8646855944550495e-14,
    "DLR": 1.6006775978714153e-14,
    "PSA": 1.1275064934286884e-14,
    "EQR": 1.0367841855183234e-14,
    "AVB": 2.718275211850963e-15,
    "NFLX": 1.3389624406583538e-14,
    "DIS": 1.2669668097113761e-14,
    "CMCSA": 2.3456976496478102e-14,
    "T": 0.01557794940750233,
    "VZ": 0.022670450428969365,
    "TMUS": 2.1834453576334043e-14,
    "CHTR": 0.0,
    "WBD": 0.05074245599156013,
    "EWJ": 1.0147831252837522e-14,
    "EWG": 1.0088216438869555e-14,
    "EWQ": 1.0900128791391555e-14,
    "EWU": 1.812527605863205e-14,
    "EWL": 1.949921976905926e-14,
    "EWI": 2.0004230118469448e-14,
    "EWP": 2.3899643091661332e-14,
    "EWN": 1.262076844477803e-14,
    "EWD": 1.1949552314885027e-14,