{
  "timestamp": "2026-04-22T19:52:26.012871Z",
  "total_value": 100000.0,
  "weights": {
    "SPY": 0.0,
    "QQQ": 0.0,
    "IWM": 0.0,
    "DIA": 0.0,
    "MDY": 0.0,
    "VTI": 0.0,
    "VOO": 0.0,
    "VTV": 0.0,
    "VUG": 0.0,
    "VNQ": 0.0,
    "XLK": 0.0,
    "XLF": 0.0,
    "XLV": 0.0,
    "XLE": 0.0,
    "XLY": 0.0,
    "XLP": 0.0,
    "XLI": 0.0,
    "XLB": 0.0,
    "XLU": 5.537542989760954e-16,
    "XLRE": 0.0,
    "XLC": 0.0,
    "GDX": 0.0,
    "GLD": 0.0,
    "SLV": 0.0,
    "USO": 0.08831578204543673,
    "UNG": 0.0,
    "TLT": 0.0,
    "IEF": 0.06476532618122928,
    "SHY": 0.0,
    "HYG": 1.1394897833128387e-15,
    "LQD": 0.0,
    "BND": 0.0,
    "AGG": 0.0,
    "AAPL": 0.0,
    "MSFT": 0.0,
    "NVDA": 0.023342136385755552,
    "GOOGL": 0.07967628995037758,
    "GOOG": 2.570644616496867e-13,
    "META": 0.0,
    "AMZN": 1.788333669308962e-17,
    "TSLA": 1.3115008337705555e-15,
    "BRK-B": 0.0,
    "AMD": 0.0,
    "AVGO": 0.0037946941727029647,
    "ORCL": 1.7227460152755972e-16,
    "INTC": 0.0,
    "QCOM": 1.1702715832229256e-15,
    "TXN": 0.0,
    "MU": 0.03527466578326467,
    "ADI": 0.0,
    "AMAT": 0.0,
    "LRCX": 0.009228473504993007,
    "KLAC": 0.0,
    "ASML": 0.0,
    "TSM": 0.0,
    "MCHP": 0.0,
    "MPWR": 0.0,
    "ENPH": 3.4877868950456884e-15,
    "FSLR": 7.19550131515438e-16,
    "SEDG": 5.434819996251359e-16,
    "RUN": 2.700996169539057e-15,
    "PLUG": 0.0,
    "CRM": 0.0,
    "ADBE": 7.396398075992346e-17,
    "NOW": 2.4430231472157383e-16,
    "INTU": 0.0,
    "CDNS": 3.0920995615292037e-16,
    "SNPS": 3.4978856172290345e-16,
    "CTSH": 0.0,
    "EPAM": 0.0,
    "PLTR": 0.0,
    "CRWD": 0.0,
    "NET": 0.0,
    "SNOW": 0.0,
    "DDOG": 0.0,
    "PANW": 0.0,
    "ZS": 0.0,
    "FTNT": 1.175070713462128e-16,
    "OKTA": 0.0,
    "TWLO": 0.012578611539693047,
    "MDB": 2.570563338798822e-16,
    "HUBS": 2.376162222155505e-15,
    "VEEV": 1.1197301666815909e-15,
    "WDAY": 0.0,
    "ZM": 0.0,
    "DOCU": 0.0,
    "DT": 0.0,
    "AI": 8.548842478276488e-15,
    "JPM": 0.0,
    "BAC": 0.0,
    "GS": 0.0,
    "MS": 0.0,
    "V": 0.0,
    "MA": 0.0,
    "C": 0.04680170264304235,
    "WFC": 0.0,
    "AXP": 0.0,
    "BLK": 0.0,
    "SCHW": 0.0,
    "CB": 0.02884820215672806,
    "AON": 0.0,
    "TRV": 0.0,
    "PGR": 0.0,
    "ALL": 0.024992335911860817,
    "MET": 0.0,
    "PRU": 0.0,
    "HIG": 0.0,
    "SOFI": 8.318959970012203e-16,
    "AFRM": 0.0,
    "UPST": 2.6207868755800596e-15,
    "NU": 4.313127169423997e-16,
    "COIN": 3.2292802617043543e-15,
    "HOOD": 0.0,
    "PYPL": 1.5986019271456757e-16,
    "JNJ": 0.08831578204543673,
    "UNH": 1.2902369800728534e-16,
    "LLY": 0.0,
    "ABBV": 2.619328396516993e-16,
    "PFE": 0.0,
    "MRK": 0.0,
    "TMO": 0.0,
    "DHR": 2.0367589651195407e-16,
    "ABT": 7.970911766821774e-16,
    "AMGN": 0.0,
    "GILD": 0.0,
    "BIIB": 0.0,
    "REGN": 0.0,
    "VRTX": 1.5835091562066115e-16,
    "ISRG": 0.0,
    "SYK": 0.0,
    "BSX": 3.4511928372773046e-16,
    "MDT": 0.0,
    "MRNA": 1.37251487712001e-15,
    "BNTX": 1.5026814988592473e-15,
    "NVAX": 1.1051444786711502e-15,
    "CVS": 0.0,
    "HUM": 9.437785829521916e-16,
    "ELV": 4.806073236270725e-16,
    "CNC": 7.33967476285957e-16,
    "CI": 0.0,
    "XOM": 0.0,
    "CVX": 0.0,
    "COP": 0.0,
    "SLB": 0.0,
    "EOG": 0.0,
    "MPC": 0.0,
    "VLO": 0.04185398068507209,
    "PSX": 0.0,
    "OXY": 0.0,
    "HAL": 0.0,
    "BKR": 0.0,
    "DVN": 0.0,
    "FANG": 0.0,
    "APA": 1.6666828845048596e-14,
    "BP": 0.0,
    "SHEL": 0.0,
    "TTE": 0.0077296121056755545,
    "ENB": 0.023176886711532677,
    "HD": 0.0,
    "WMT": 0.08247433130754367,
    "COST": 0.0,
    "MCD": 0.0,
    "NKE": 7.500051433356734e-16,
    "SBUX": 0.0,
    "TGT": 0.0,
    "LOW": 0.0,
    "BKNG": 0.0,
    "ABNB": 0.0,
    "TJX": 0.0,
    "ROST": 0.0,
    "DLTR": 0.0,
    "DG": 0.0,
    "YUM": 0.0,
    "CMG": 0.0,
    "DPZ": 0.0,
    "QSR": 0.0,
    "GM": 0.0054733732021068696,
    "F": 0.0,
    "RIVN": 0.0,
    "LCID": 4.044952527730371e-15,
    "NIO": 0.0,
    "XPEV": 1.3113365288739554e-15,
    "LI": 0.0,
    "PG": 0.0,
    "KO": 0.0,
    "PEP": 0.0,
    "PM": 0.0,
    "MO": 0.08831578204543673,
    "CL": 0.0,
    "EL": 1.3424570829196859e-15,
    "CHD": 0.0,
    "CLX": 9.92666056003456e-16,
    "GIS": 4.478196897948198e-16,
    "GE": 0.0,
    "CAT": 0.016213595446610305,
    "DE": 0.0,
    "HON": 0.0,
    "UNP": 0.0,
    "UPS": 0.0,
    "FDX": 0.0,
    "LMT": 0.0,
    "RTX": 0.0,
    "NOC": 0.0,
    "GD": 0.0,
    "BA": 0.0,
    "MMM": 0.0,
    "EMR": 0.0,
    "ETN": 0.0,
    "PH": 0.0,
    "ROK": 4.777585102801583e-17,
    "ITW": 0.0,
    "IR": 4.788080033097287e-16,
    "DOV": 0.0,
    "WM": 0.0,
    "LIN": 0.0,
    "APD": 0.0,
    "SHW": 0.0,
    "FCX": 3.4122711971207593e-16,
    "NEM": 0.0,
    "NUE": 0.00376919940483024,
    "VMC": 0.0,
    "MLM": 0.0,
    "ALB": 0.010312441597956133,
    "MOS": 5.68837287087594e-16,
    "NEE": 0.0,
    "DUK": 0.0,
    "SO": 0.0,
    "D": 0.0,
    "AEP": 0.017517483389629766,
    "EXC": 0.0,
    "XEL": 0.0,
    "WEC": 0.0,
    "ES": 0.0,
    "ETR": 0.0,
    "AWK": 0.0,
    "O": 0.0,
    "SPG": 0.0,
    "PLD": 0.0,
    "AMT": 0.0,
    "CCI": 0.0,
    "EQIX": 0.0,
    "DLR": 0.0,
    "PSA": 0.0,
    "EQR": 0.0,
    "AVB": 0.0,
    "NFLX": 0.0,
    "DIS": 0.0,
    "CMCSA": 0.0,
    "T": 0.023893102426587192,
    "VZ": 0.004509542335287277,
    "TMUS": 0.0,
    "CHTR": 3.4426063562507625e-16,
    "WBD": 0.041630549293611305,
    "EWJ": 0.0,
    "EWG": 0.0,
    "EWQ": 0.0,
    "EWU": 0.0,
    "EWL": 0.0,
    "EWI": 0.0,
    "EWP": 0.0,
    "EWN": 0.0,
    "EWD": 0.0,
    "FXI": 0.0,
    "KWEB": 8.590423218818463e-16,
    "EWT": 0.0,
    "EWY": 0.04022087604524156,
    "EWA": 0.0,
    "EWH": 0.0,
    "EWS": 0.0,
    "EPI": 0.0,
    "INDA": 0.0,
    "EWZ": 0.0,
    "EWC": 0.0,
    "EWW": 0.0,
    "EZA": 0.0,
    "EEM": 0.0,
    "VEA": 0.0,
    "VWO": 0.0,
    "IEFA": 0.0,
    "IEMG": 0.0,
    "ACWI": 0.0,
    "KSA": 0.0,
    "UAE": 0.0,
    "AFK": 0.0,
    "EWM": 0.0,
    "BABA": 7.516709441620542e-19,
    "JD": 0.0,
    "PDD": 4.382063222270025e-16,
    "NTES": 0.0,
    "TCEHY": 4.341686447728972e-16,
    "BIDU": 3.2084791461137074e-16,
    "BILI": 1.0428734890746875e-15,
    "TME": 7.96896683632442e-16,
    "IQ": 1.1505863561061255e-15,
    "HUYA": 0.0,
    "DOYU": 3.1748077116145877e-15,
    "VNET": 2.0989523752342926e-14,
    "GDS": 5.172802612066811e-16,
    "BEKE": 8.61760862181171e-16,
    "GRAB": 1.984914995687195e-15,
    "SEA": 0.0,
    "SHOP": 0.0,
    "MELI": 5.451550004895183e-16,
    "VALE": 0.0,
    "PBR": 0.002121134118158231,
    "ITUB": 0.0,
    "BBD": 0.0,
    "GLOB": 2.5727012118698137e-15,
    "VTEX": 8.820328976237151e-16,
    "ARCO": 0.0,
    "TS": 0.0,
    "LOMA": 2.883262064532508e-16,
    "MARA": 6.992764889972847e-15,
    "RIOT": 3.28798180804699e-15,
    "IBIT": 1.7101373111549727e-15,
    "GBTC": 1.7622976102932272e-15,
    "FBTC": 2.2639028020624136e-15,
    "BTCO": 2.6692273567056193e-15,
    "ARKB": 6.939909466773633e-16,
    "HUT": 3.816565439916002e-14,
    "BITF": 0.022238013019017604,
    "CLSK": 6.078750619280396e-15,
    "CIFR": 3.040935072211184e-14,
    "IREN": 1.4056716718444502e-15,
    "CORZ": 0.0,
    "RXRX": 7.211785947342937e-15,
    "BEAM": 2.475401158114452e-15,
    "EDIT": 1.931271505240935e-15,
    "CRSP": 8.852446278225302e-16,
    "FATE": 4.216699467223059e-15,
    "ACAD": 0.0,
    "ALNY": 0.0,
    "IONS": 0.021911919165170414,
    "EXEL": 0.0,
    "FOLD": 0.009705597622425448,
    "RARE": 1.951273805722179e-15,
    "ARWR": 0.030998577646631574,
    "CLOV": 2.404438980624874e-15,
    "HERO": 1.092259903071698e-16,
    "OPEN": 3.1281264990014384e-14,
    "SKLZ": 3.096502493773439e-15,
    "DKNG": 1.4460214819556107e-15,
    "PENN": 2.293466317824089e-16,
    "BYND": 6.059913057478229e-16,
    "ACHR": 6.027118292333373e-15,
    "JOBY": 2.8186893573887223e-15,
    "WKHS": 2.4109452418972504e-14,
    "EVGO": 3.309353986497753e-15,