{
  "timestamp": "2026-04-17T22:24:10.429431Z",
  "total_value": 100000.0,
  "weights": {
    "SPY": 0.0,
    "QQQ": 0.0,
    "IWM": 3.766688065110393e-15,
    "GLD": 0.0,
    "TLT": 0.0,
    "AAPL": 0.03516722726816048,
    "MSFT": 0.04400008162218666,
    "NVDA": 0.0643517696178883,
    "GOOGL": 4.550483846886196e-12,
    "AMZN": 0.01528338180960852,
    "META": 0.022630428598585453,
    "TSLA": 0.006033656735865414,
    "JPM": 0.0,
    "GS": 0.0,
    "V": 0.0,
    "UNH": 6.87357189975815e-14,
    "LLY": 0.0,
    "XOM": 0.0,
    "HD": 2.716507171900783e-14,
    "COST": 0.0033555111534234352,
    "AVGO": 0.030404029658376,
    "ORCL": 0.0,
    "AMD": 0.010497145440143116,
    "INTC": 0.00045724913630769886,
    "QCOM": 9.951483828891629e-14,
    "TXN": 0.0,
    "AMAT": 0.0025786972256668047,
    "LRCX": 0.0072551225876665015,
    "KLAC": 0.0,
    "ADI": 0.009757411991749393,
    "MU": 0.010261082029503914,
    "ON": 0.005371166028351295,
    "SWKS": 1.1928219046038195e-13,
    "CDNS": 3.8525566867443516e-14,
    "SNPS": 7.568547595439594e-14,
    "FTNT": 6.834562938070381e-14,
    "CTSH": 2.965998876005588e-14,
    "AKAM": 3.688688672699941e-15,
    "WDC": 0.013140352419799104,
    "DELL": 0.0030328460969113965,
    "HPE": 0.0,
    "HPQ": 1.5350258306549476e-13,
    "EPAM": 1.457790969915305e-13,
    "KEYS": 0.0,
    "MPWR": 0.0,
    "ENTG": 1.7831576478544648e-13,
    "CRM": 0.0,
    "ADBE": 0.0,
    "NOW": 6.899370246026083e-14,
    "INTU": 0.0033098453401125836,
    "TEAM": 3.289926555176554e-13,
    "WDAY": 1.2020498357229584e-13,
    "DDOG": 2.1917430480179095e-14,
    "SNOW": 0.0,
    "ZS": 1.4786912527616544e-13,
    "CRWD": 0.0,
    "OKTA": 2.9562416903282346e-13,
    "NET": 7.192315700935779e-14,
    "HUBS": 2.585037168012045e-13,
    "VEEV": 1.701183486030134e-13,
    "MDB": 0.0034597959083811276,
    "CFLT": 0.0031283363178628786,
    "S": 9.285464810997697e-14,
    "ASAN": 5.339058110746647e-13,
    "GTLB": 5.709209987426515e-13,
    "TWLO": 0.0040478343304071246,
    "ZM": 0.0,
    "DOCU": 0.0,
    "PAYC": 4.856965885544263e-14,
    "PCTY": 6.6965382566543e-14,
    "TTD": 1.9168911695443056e-13,
    "SHOP": 0.0,
    "MELI": 0.0,
    "AFRM": 0.0053599741854422085,
    "SOFI": 0.0,
    "BOX": 0.0025138206302363856,
    "DOCN": 4.400788883769596e-14,
    "RNG": 0.006876809937150307,
    "FIVN": 2.7173395790434265e-13,
    "GOOG": 0.05329339819626294,
    "NFLX": 0.007817493366173874,
    "DIS": 0.0,
    "CMCSA": 0.005878970480942566,
    "VZ": 0.011572102168805108,
    "T": 0.006391325371083294,
    "TMUS": 0.00014642314871742451,
    "CHTR": 1.8372762934064832e-13,
    "LYV": 0.0,
    "EA": 0.016053125291197914,
    "TTWO": 0.0,
    "SNAP": 4.815408300248586e-13,
    "PINS": 9.938201057361033e-14,
    "SPOT": 0.0037530618689168974,
    "OMC": 0.0,
    "WBD": 0.0065754453019642506,
    "MTCH": 0.0,
    "RBLX": 3.8609748992993837e-13,
    "MCD": 0.0,
    "NKE": 2.7476313639097024e-13,
    "LOW": 0.0,
    "SBUX": 0.0,
    "BKNG": 0.0,
    "TJX": 0.0,
    "CMG": 1.6033879334713193e-13,
    "ORLY": 0.0,
    "AZO": 0.0,
    "ROST": 0.005164585392457425,
    "DHI": 5.03886100551994e-14,
    "LEN": 2.804954370788e-13,
    "MAR": 0.018754884024509814,
    "HLT": 0.0,
    "GM": 0.009751783262825773,
    "F": 1.368340546528031e-13,
    "APTV": 2.245222862728141e-13,
    "UBER": 4.1959897612064136e-14,
    "LYFT": 2.2561808629893338e-14,
    "ABNB": 0.00968162367438084,
    "EXPE": 0.002418056454427102,
    "CCL": 7.972782538212084e-14,
    "RCL": 0.0,
    "NCLH": 3.9244958165627167e-13,
    "DAL": 0.0,
    "UAL": 1.2862703711481203e-13,
    "AAL": 1.402091118884656e-13,
    "LUV": 0.0,
    "RIVN": 0.0,
    "DKNG": 6.086762057999769e-13,
    "MGM": 1.496884841908702e-13,
    "WYNN": 0.0,
    "LVS": 0.0,
    "WMT": 0.02749632002474169,
    "PG": 0.0,
    "KO": 0.0,
    "PEP": 0.0012178095963460522,
    "PM": 0.0,
    "MO": 0.016432242113120967,
    "MDLZ": 0.0,
    "CL": 0.0,
    "EL": 0.0,
    "KHC": 0.0,
    "GIS": 4.228014132172184e-14,
    "HSY": 0.0,
    "CLX": 9.212201501590486e-14,
    "KMB": 1.0300761867015306e-13,
    "TSN": 0.0,
    "HRL": 1.5288568996127685e-13,
    "STZ": 7.500043758193129e-14,
    "KR": 8.572954122878582e-13,
    "SFM": 2.46849796231045e-13,
    "JNJ": 0.04428227805557057,
    "ABBV": 0.0,
    "MRK": 0.012434847776468739,
    "TMO": 0.0,
    "ABT": 1.4223356439011916e-13,
    "DHR": 4.1222519913073884e-14,
    "BMY": 0.0,
    "AMGN": 0.0,
    "MDT": 0.0,
    "ISRG": 0.0,
    "SYK": 0.0,
    "BSX": 1.5405604331767536e-13,
    "EW": 0.0,
    "REGN": 0.0,
    "GILD": 0.0,
    "VRTX": 9.158547686513107e-14,
    "BIIB": 0.0,
    "ILMN": 0.0013755846696027962,
    "IQV": 0.0,
    "MRNA": 2.395427145003963e-13,
    "PFE": 0.0,
    "DXCM": 1.3463243535065707e-14,
    "ALGN": 1.420653705012949e-13,
    "IDXX": 0.0,
    "HUM": 5.3143797262948525e-14,
    "CI": 0.0,
    "CVS": 0.0,
    "ELV": 1.088714162942974e-13,
    "CNC": 2.3159474273428854e-13,
    "MCK": 0.0,
    "CAH": 0.002222468448499564,
    "HOLX": 0.01085658789088049,
    "BDX": 5.484299620123829e-14,
    "MTD": 0.0,
    "WAT": 1.4670089092390102e-13,
    "BAC": 0.0050867588606111815,
    "WFC": 0.0,
    "MS": 0.007055112641075823,
    "BLK": 2.2988239595863882e-14,
    "SPGI": 7.052707051012465e-14,
    "MCO": 0.009103517476144173,
    "COF": 0.0,
    "AXP": 0.0,
    "MA": 0.0,
    "PYPL": 0.0,
    "SCHW": 0.0,
    "CB": 0.002995531241266421,
    "AIG": 0.0,
    "PGR": 0.0,
    "ALL": 0.01676253680023131,
    "TRV": 0.0,
    "MET": 0.0,
    "PRU": 4.8812019194167357e-14,
    "AFL": 0.0,
    "USB": 0.0,
    "PNC": 0.0,
    "TFC": 0.0,
    "FITB": 0.0,
    "KEY": 0.0,
    "RF": 0.0,
    "HBAN": 2.776881635321448e-14,
    "CFG": 0.0,
    "STT": 0.008540913943289045,
    "BK": 0.019802431776619753,
    "CME": 0.0,
    "CBOE": 0.02253887378692836,
    "ICE": 0.0,
    "NDAQ": 0.0,
    "MSCI": 0.0,
    "FDS": 1.6113377306829626e-13,
    "HOOD": 0.0,
    "RJF": 7.526719823412495e-14,
    "LPLA": 1.2788176947661846e-13,
    "HON": 0.006068942433611148,
    "UPS": 0.0,
    "RTX": 0.0,
    "CAT": 0.0,
    "DE": 0.0,
    "ETN": 1.346663456835461e-14,
    "GE": 0.0,
    "LMT": 0.0,
    "NOC": 0.0,
    "GD": 0.0,
    "BA": 0.0,
    "MMM": 2.3411178492869184e-14,
    "EMR": 0.0,
    "ITW": 1.8949990606987963e-14,
    "ROK": 0.0,
    "PH": 0.0,
    "DOV": 0.0,
    "FAST": 0.0,
    "SWK": 2.550669413430112e-13,
    "SNA": 0.0,
    "GNRC": 8.026783458385964e-14,
    "XYL": 9.54597729152517e-14,
    "ROP": 4.648073956923217e-14,
    "FDX": 0.0,
    "NSC": 0.0,
    "UNP": 0.0,
    "CSX": 0.001020491932344878,
    "JBHT": 0.007030961142630949,
    "ODFL": 0.0,
    "EXPD": 0.0,
    "CHRW": 0.002844350669708516,
    "GWW": 2.95869407499242e-14,
    "URI": 1.1669443367509829e-13,
    "PCAR": 0.0,
    "CTAS": 0.0,
    "VRSK": 0.0,
    "RSG": 0.0,
    "WM": 0.0007489790063690387,
    "AXON": 0.0,
    "HII": 0.0,
    "TXT": 0.0,
    "HWM": 0.01628930468770309,
    "CVX": 0.00274899011679635,
    "COP": 1.5865544603127452e-14,
    "EOG": 0.0,
    "MPC": 1.721462605698428e-14,
    "VLO": 0.013570191048581596,
    "PSX": 0.0,
    "DVN": 2.5072222683070967e-14,
    "OXY": 3.5233525993565174e-14,
    "SLB": 0.0,
    "HAL": 0.0,
    "BKR": 0.0,
    "CTRA": 0.0,
    "EQT": 0.0,
    "APA": 0.007365933618499545,
    "FANG": 0.0,
    "KMI": 0.0,
    "WMB": 0.0,
    "OKE": 3.515589010599962e-14,
    "LNG": 0.0,
    "LIN": 0.0030443043433779973,
    "APD": 3.149809461805773e-14,
    "SHW": 0.0,
    "PPG": 4.872367421468904e-17,
    "ECL": 0.0,
    "NEM": 0.002301844704562275,
    "FCX": 5.85850959675886e-15,
    "NUE": 0.0,
    "STLD": 0.0,
    "ALB": 0.0,
    "CF": 0.011028263870702597,
    "MOS": 4.38324690012828e-13,
    "VMC": 1.2085697109702544e-15,
    "MLM": 0.0,
    "GOLD": 7.291424636672661e-14,
    "WPM": 0.0,
    "AA": 6.570640070376034e-14,
    "CLF": 4.643353904019054e-13,
    "MP": 3.316215675048098e-12,
    "PLD": 0.0,
    "AMT": 1.0216594827544123e-14,
    "CCI": 4.397995407256716e-14,