{
  "timestamp": "2026-04-23T21:41:01.397896Z",
  "total_value": 100000.0,
  "weights": {
    "SPY": 6.687335435901791e-15,
    "QQQ": 8.068826788827043e-15,
    "IWM": 3.30307160624241e-15,
    "DIA": 1.066073238998305e-14,
    "MDY": 5.464000146279397e-15,
    "VTI": 9.160897363393078e-15,
    "VOO": 9.07528793132395e-15,
    "VTV": 1.0818063578880444e-14,
    "VUG": 8.31889761883836e-15,
    "VNQ": 1.0474424585213885e-14,
    "XLK": 7.581685384667695e-15,
    "XLF": 6.549829521755497e-15,
    "XLV": 5.80789734406334e-15,
    "XLE": 1.4097470326748778e-14,
    "XLY": 4.316224532988043e-15,
    "XLP": 1.4701390438340844e-14,
    "XLI": 8.647772560870065e-15,
    "XLB": 7.476494965361504e-15,
    "XLU": 1.6082400534720974e-14,
    "XLRE": 1.0024305734670668e-14,
    "XLC": 1.3700483132134015e-14,
    "GDX": 1.3538862225210216e-14,
    "GLD": 1.4100872864076901e-14,
    "SLV": 8.681398846990661e-15,
    "USO": 0.08968552913962938,
    "UNG": 8.285977738046181e-15,
    "TLT": 1.844342980286538e-14,
    "IEF": 0.04975680560371191,
    "SHY": 1.877507695193755e-14,
    "HYG": 1.548766320343563e-14,
    "LQD": 1.7041189165019982e-14,
    "BND": 1.8631837819772634e-14,
    "AGG": 1.8786111496080637e-14,
    "AAPL": 1.3168886390285815e-14,
    "MSFT": 1.078850760069352e-14,
    "NVDA": 0.022110559962282148,
    "GOOGL": 0.07704149038939984,
    "GOOG": 0.0,
    "META": 7.390655677105325e-15,
    "AMZN": 8.000265755709646e-15,
    "TSLA": 0.0,
    "BRK-B": 1.0251923293479228e-14,
    "AMD": 6.55724369787302e-15,
    "AVGO": 0.003043365733261319,
    "ORCL": 0.0,
    "INTC": 1.7819202660744632e-13,
    "QCOM": 0.0,
    "TXN": 9.630246094495334e-15,
    "MU": 0.0390289950614024,
    "ADI": 1.4587622849755098e-14,
    "AMAT": 9.22807146006173e-15,
    "LRCX": 0.0036492788640297745,
    "KLAC": 6.584025610298841e-15,
    "ASML": 8.15072017788337e-15,
    "TSM": 9.578402161573589e-15,
    "MCHP": 6.290767268356852e-17,
    "MPWR": 5.5829316538533945e-15,
    "ENPH": 0.0,
    "FSLR": 0.0,
    "SEDG": 1.1346790105874491e-13,
    "RUN": 0.0,
    "PLUG": 1.2673171520963854e-15,
    "CRM": 0.0,
    "ADBE": 5.529615806164142e-16,
    "NOW": 0.0,
    "INTU": 3.905446184402044e-15,
    "CDNS": 0.0,
    "SNPS": 0.0,
    "CTSH": 9.341339783942031e-17,
    "EPAM": 0.0,
    "PLTR": 0.0,
    "CRWD": 0.0,
    "NET": 1.1411991838361414e-14,
    "SNOW": 9.82809030818919e-17,
    "DDOG": 6.869583596662983e-15,
    "PANW": 2.9374858496172955e-15,
    "ZS": 0.0,
    "FTNT": 0.0,
    "OKTA": 0.0,
    "TWLO": 0.010901715809878691,
    "MDB": 5.535082515335891e-15,
    "HUBS": 0.0,
    "VEEV": 0.0,
    "WDAY": 0.0,
    "ZM": 8.58376087427166e-15,
    "DOCU": 0.0,
    "DT": 5.042895025474868e-18,
    "AI": 0.0,
    "JPM": 1.0563589619733633e-14,
    "BAC": 1.2467663396382343e-14,
    "GS": 1.3614310721348643e-14,
    "MS": 1.1214981628197385e-14,
    "V": 6.319486961775748e-15,
    "MA": 8.217535470850154e-15,
    "C": 0.049285763398146866,
    "WFC": 4.565985370422422e-15,
    "AXP": 8.84322439625699e-15,
    "BLK": 0.0,
    "SCHW": 1.060565778405032e-14,
    "CB": 0.049440101677370764,
    "AON": 1.3825538182773859e-14,
    "TRV": 1.939635981103065e-14,
    "PGR": 1.2194592938525932e-14,
    "ALL": 0.016869683707256868,
    "MET": 1.8441321131057374e-15,
    "PRU": 0.0,
    "HIG": 1.8408581817332606e-14,
    "SOFI": 0.0,
    "AFRM": 4.2346392851152556e-15,
    "UPST": 0.0,
    "NU": 0.0,
    "COIN": 0.0,
    "HOOD": 0.0,
    "PYPL": 0.0,
    "JNJ": 0.08968552913962938,
    "UNH": 0.0,
    "LLY": 4.385169452456291e-15,
    "ABBV": 9.600791044824742e-15,
    "PFE": 9.789422127588033e-15,
    "MRK": 1.639050285769605e-14,
    "TMO": 0.0,
    "DHR": 0.0,
    "ABT": 3.267554945758126e-17,
    "AMGN": 1.0745007789461657e-14,
    "GILD": 8.532116354179515e-15,
    "BIIB": 1.3047289732013289e-14,
    "REGN": 8.292374398265792e-15,
    "VRTX": 0.0,
    "ISRG": 2.1529203681338586e-15,
    "SYK": 5.833131420398561e-15,
    "BSX": 0.0,
    "MDT": 3.2104952241031374e-15,
    "MRNA": 0.0,
    "BNTX": 0.0,
    "NVAX": 0.0,
    "CVS": 1.8535823373583645e-14,
    "HUM": 0.0,
    "ELV": 0.0,
    "CNC": 0.0,
    "CI": 2.3191571198798677e-15,
    "XOM": 1.7043022233808096e-14,
    "CVX": 1.9368411512699675e-14,
    "COP": 7.187047971736087e-15,
    "SLB": 6.0963487565626064e-15,
    "EOG": 8.713687111715828e-15,
    "MPC": 1.4385045653496793e-14,
    "VLO": 0.03902338295257606,
    "PSX": 1.0806848859274443e-14,
    "OXY": 1.0307306864740787e-14,
    "HAL": 1.223965257156887e-14,
    "BKR": 1.3524966047164352e-14,
    "DVN": 9.745028237010736e-15,
    "FANG": 9.197057904913006e-15,
    "APA": 0.0,
    "BP": 1.8436797780564014e-14,
    "SHEL": 1.1814067847680642e-14,
    "TTE": 0.01291157991389435,
    "ENB": 0.019939883753232884,
    "HD": 2.222202710338886e-15,
    "WMT": 0.08155504785866706,
    "COST": 1.524165030328768e-14,
    "MCD": 1.33624192866077e-14,
    "NKE": 0.0,
    "SBUX": 4.6172177798784264e-15,
    "TGT": 1.1985384487843326e-14,
    "LOW": 6.370196543893862e-15,
    "BKNG": 9.022831981772064e-15,
    "ABNB": 6.260540277668885e-15,
    "TJX": 1.8807530864811026e-14,
    "ROST": 1.9824387120518222e-14,
    "DLTR": 1.0293565479879377e-14,
    "DG": 2.061158379660418e-14,
    "YUM": 1.668442683358242e-14,
    "CMG": 0.0,
    "DPZ": 0.0,
    "QSR": 2.0443416638350138e-14,
    "GM": 0.007621399462770402,
    "F": 6.1775637509515905e-15,
    "RIVN": 0.0,
    "LCID": 0.0,
    "NIO": 1.3550052127991489e-14,
    "XPEV": 0.0,
    "LI": 0.0,
    "PG": 1.2663995925701756e-14,
    "KO": 1.9684458647874037e-14,
    "PEP": 1.4657979331005842e-14,
    "PM": 1.7855543089923653e-14,
    "MO": 0.08740926345548741,
    "CL": 1.0981980143453946e-14,
    "EL": 0.0,
    "CHD": 8.653214655416857e-15,
    "CLX": 0.0,
    "GIS": 7.152741366378969e-16,
    "GE": 9.992530220446385e-15,
    "CAT": 0.020721851838345552,
    "DE": 1.1674243672009892e-14,
    "HON": 1.1207096556722126e-14,
    "UNP": 1.1583985393400121e-14,
    "UPS": 7.806428435323123e-15,
    "FDX": 1.806506852483904e-14,
    "LMT": 1.339498663936656e-14,
    "RTX": 1.441288183726259e-14,
    "NOC": 1.472229320778308e-14,
    "GD": 7.875385783780417e-15,
    "BA": 9.070630720578574e-15,
    "MMM": 2.125532711927034e-15,
    "EMR": 2.58875859351167e-15,
    "ETN": 6.154436875515498e-16,
    "PH": 1.4658061746317488e-14,
    "ROK": 1.142444454163111e-14,
    "ITW": 6.77980327862373e-15,
    "IR": 0.0,
    "DOV": 8.19901414120282e-15,
    "WM": 1.8825428931568282e-14,
    "LIN": 1.5854971728289575e-14,
    "APD": 8.769183587259851e-15,
    "SHW": 8.638055526704103e-15,
    "FCX": 0.0,
    "NEM": 0.0,
    "NUE": 1.9338156370281246e-14,
    "VMC": 9.434853245023402e-15,
    "MLM": 1.3417287178485717e-14,
    "ALB": 0.009973015776995229,
    "MOS": 0.0,
    "NEE": 1.7639296340053553e-14,
    "DUK": 2.1583990700555237e-14,
    "SO": 1.7770041032655416e-14,
    "D": 2.034846951737654e-14,
    "AEP": 0.023453270060327838,
    "EXC": 1.6473657162701573e-14,
    "XEL": 1.6621127279859957e-14,
    "WEC": 1.6446294479601682e-14,
    "ES": 1.3815281951738661e-14,
    "ETR": 1.6930963603022155e-14,
    "AWK": 2.0227737124858272e-14,
    "O": 1.6585641587035586e-14,
    "SPG": 1.7478280089069192e-14,
    "PLD": 1.291661364734318e-14,
    "AMT": 1.1876802056055649e-14,
    "CCI": 5.2513909699046734e-15,
    "EQIX": 1.908141087692856e-14,
    "DLR": 9.600243802453305e-15,
    "PSA": 7.0872532768168385e-15,
    "EQR": 6.72792168584284e-15,
    "AVB": 4.0001884518483164e-16,
    "NFLX": 8.529228339550287e-15,
    "DIS": 7.488169529489512e-15,
    "CMCSA": 1.5378835917347087e-14,
    "T": 0.010762055145388623,
    "VZ": 0.0160297535074188,
    "TMUS": 1.466098412749485e-14,
    "CHTR": 0.0,
    "WBD": 0.04038563925702708,
    "EWJ": 6.3008573133981865e-15,
    "EWG": 6.4464607584094885e-15,
    "EWQ": 6.045308611986861e-15,
    "EWU": 1.1689175630860769e-14,
    "EWL": 1.252161226976329e-14,
    "EWI": 1.2441487839852693e-14,
    "EWP": 1.5258635286732977e-14,