{
  "timestamp": "2026-04-17T21:59:05.698479Z",
  "total_value": 100000.0,
  "weights": {
    "SPY": 1.1088861895902328e-13,
    "QQQ": 1.6329073271946222e-13,
    "IWM": 0.0,
    "GLD": 2.0399756762005296e-13,
    "TLT": 3.629360530626974e-12,
    "AAPL": 0.035195542643552034,
    "MSFT": 0.0439835207964014,
    "NVDA": 0.06436604760962547,
    "GOOGL": 0.0,
    "AMZN": 0.015301310675609232,
    "META": 0.022611944442243518,
    "TSLA": 0.006039382855493184,
    "JPM": 1.0765175575068291e-13,
    "GS": 2.183625301448622e-13,
    "V": 9.320291790950192e-14,
    "UNH": 0.0,
    "LLY": 1.008740202384912e-13,
    "XOM": 1.9573043054116744e-13,
    "HD": 0.0,
    "COST": 0.003380593434370478,
    "AVGO": 0.03037187559864954,
    "ORCL": 8.920744274315626e-14,
    "AMD": 0.010521318772973787,
    "INTC": 0.00046037196926583204,
    "QCOM": 0.0,
    "TXN": 1.9168302935430255e-13,
    "AMAT": 0.0026010250388860067,
    "LRCX": 0.0072289478722700395,
    "KLAC": 8.241243681090872e-14,
    "ADI": 0.00972935324800887,
    "MU": 0.010255080831682582,
    "ON": 0.005388168296855712,
    "SWKS": 0.0,
    "CDNS": 0.0,
    "SNPS": 0.0,
    "FTNT": 0.0,
    "CTSH": 0.0,
    "AKAM": 0.0,
    "WDC": 0.01314399423915011,
    "DELL": 0.0030449632463595633,
    "HPE": 7.442580985914448e-14,
    "HPQ": 0.0,
    "EPAM": 0.0,
    "KEYS": 1.194913881676328e-13,
    "MPWR": 1.4284615435404455e-13,
    "ENTG": 0.0,
    "CRM": 4.3016204434292034e-14,
    "ADBE": 2.7498137904554565e-14,
    "NOW": 0.0,
    "INTU": 0.0033066008395720653,
    "TEAM": 0.0,
    "WDAY": 0.0,
    "DDOG": 0.0,
    "SNOW": 1.6418733841195842e-14,
    "ZS": 0.0,
    "CRWD": 1.03488681515173e-15,
    "OKTA": 0.0,
    "NET": 0.0,
    "HUBS": 0.0,
    "VEEV": 0.0,
    "MDB": 0.003455764478014463,
    "CFLT": 0.0031365301254776667,
    "S": 0.0,
    "ASAN": 0.0,
    "GTLB": 0.0,
    "TWLO": 0.0040182410778124,
    "ZM": 1.7122325824137776e-13,
    "DOCU": 1.7659188666345586e-14,
    "PAYC": 0.0,
    "PCTY": 0.0,
    "TTD": 0.0,
    "SHOP": 1.5659626127780454e-14,
    "MELI": 1.3320919437258241e-13,
    "AFRM": 0.005356393858588978,
    "SOFI": 1.0854506965323993e-13,
    "BOX": 0.0024786851592451995,
    "DOCN": 0.0,
    "RNG": 0.006893681273071705,
    "FIVN": 0.0,
    "GOOG": 0.05333565021331866,
    "NFLX": 0.0078009275989444965,
    "DIS": 1.7339464187012996e-13,
    "CMCSA": 0.005899163569179377,
    "VZ": 0.01149598662092984,
    "T": 0.006447974325858282,
    "TMUS": 0.00020739064143777467,
    "CHTR": 0.0,
    "LYV": 1.407293769799569e-13,
    "EA": 0.016049622348604357,
    "TTWO": 1.2281359009678271e-13,
    "SNAP": 0.0,
    "PINS": 0.0,
    "SPOT": 0.003745097358987856,
    "OMC": 2.4839789276918667e-14,
    "WBD": 0.0065500008550451036,
    "MTCH": 8.991669177085572e-14,
    "RBLX": 0.0,
    "MCD": 2.1201487294309677e-13,
    "NKE": 0.0,
    "LOW": 1.0714809445328367e-13,
    "SBUX": 6.409669198457723e-14,
    "BKNG": 2.053874813981417e-13,
    "TJX": 2.8194715515054383e-13,
    "CMG": 0.0,
    "ORLY": 1.3436427398112395e-13,
    "AZO": 1.6993542564227163e-13,
    "ROST": 0.00518515936033736,
    "DHI": 0.0,
    "LEN": 0.0,
    "MAR": 0.018712289390837807,
    "HLT": 2.0621882155967928e-13,
    "GM": 0.009738622076511338,
    "F": 0.0,
    "APTV": 0.0,
    "UBER": 0.0,
    "LYFT": 0.0,
    "ABNB": 0.009681631025819624,
    "EXPE": 0.0024080140173969285,
    "CCL": 0.0,
    "RCL": 8.104932721266107e-14,
    "NCLH": 0.0,
    "DAL": 4.8964814043477676e-14,
    "UAL": 0.0,
    "AAL": 0.0,
    "LUV": 1.1223876380329446e-13,
    "RIVN": 1.2688355579167405e-13,
    "DKNG": 0.0,
    "MGM": 0.0,
    "WYNN": 8.673365132648771e-14,
    "LVS": 1.1426388994173873e-13,
    "WMT": 0.0274598881135436,
    "PG": 1.7611380036549864e-13,
    "KO": 2.5448650230836433e-13,
    "PEP": 0.001199811610006027,
    "PM": 1.160263719919063e-13,
    "MO": 0.016368011770378926,
    "MDLZ": 1.2463220850482885e-13,
    "CL": 1.3229394376613688e-13,
    "EL": 1.2744367964677412e-13,
    "KHC": 2.2044497469739966e-14,
    "GIS": 0.0,
    "HSY": 1.5596608023053082e-13,
    "CLX": 0.0,
    "KMB": 0.0,
    "TSN": 3.349838970521257e-14,
    "HRL": 0.0,
    "STZ": 0.0,
    "KR": 0.0,
    "SFM": 0.0,
    "JNJ": 0.044296883774910915,
    "ABBV": 2.313371456167969e-13,
    "MRK": 0.012402509360676354,
    "TMO": 6.510692554986533e-14,
    "ABT": 0.0,
    "DHR": 0.0,
    "BMY": 1.7899896824531838e-13,
    "AMGN": 1.1613194858671656e-13,
    "MDT": 2.2752818031250632e-15,
    "ISRG": 3.533331108675935e-14,
    "SYK": 1.6398305911224103e-13,
    "BSX": 0.0,
    "EW": 1.9420974449745282e-13,
    "REGN": 1.2788495038292503e-13,
    "GILD": 1.623411592763003e-13,
    "VRTX": 0.0,
    "BIIB": 7.276393222030447e-14,
    "ILMN": 0.001375928349414044,
    "IQV": 1.0583872400889685e-13,
    "MRNA": 0.0,
    "PFE": 1.8826821098374903e-13,
    "DXCM": 0.0,
    "ALGN": 0.0,
    "IDXX": 1.3175547642534029e-13,
    "HUM": 0.0,
    "CI": 3.045652918482898e-14,
    "CVS": 2.0790859785679022e-13,
    "ELV": 0.0,
    "CNC": 0.0,
    "MCK": 1.045087300245412e-13,
    "CAH": 0.0022097590205168273,
    "HOLX": 0.010844626115623472,
    "BDX": 0.0,
    "MTD": 5.972093224611542e-14,
    "WAT": 0.0,
    "BAC": 0.0051145777827906165,
    "WFC": 1.3086039445823257e-13,
    "MS": 0.00699353740816705,
    "BLK": 0.0,
    "SPGI": 0.0,
    "MCO": 0.009138607911723424,
    "COF": 2.2221517745559703e-14,
    "AXP": 1.7499920306925243e-13,
    "MA": 1.1180852755008643e-13,
    "PYPL": 2.8446453122856846e-14,
    "SCHW": 1.0156132743360823e-13,
    "CB": 0.0029743057162774536,
    "AIG": 1.7337654841192858e-13,
    "PGR": 7.150920314772009e-14,
    "ALL": 0.016699479850908576,
    "TRV": 2.476167568078865e-13,
    "MET": 2.4824269917200594e-14,
    "PRU": 0.0,
    "AFL": 1.3850840954415548e-13,
    "USB": 2.21227208150909e-13,
    "PNC": 2.3969914831846656e-13,
    "TFC": 2.1133043397310151e-13,
    "FITB": 1.571881250718095e-13,
    "KEY": 2.1709079324828718e-13,
    "RF": 1.3990253243387424e-13,
    "HBAN": 0.0,
    "CFG": 2.0822631679344927e-13,
    "STT": 0.00854672318085413,
    "BK": 0.01983850959802888,
    "CME": 1.154095924670375e-13,
    "CBOE": 0.02253094060851011,
    "ICE": 8.151677576409884e-14,
    "NDAQ": 2.220833050301404e-13,
    "MSCI": 7.21366044101032e-14,
    "FDS": 0.0,
    "HOOD": 1.817406753884e-13,
    "RJF": 0.0,
    "LPLA": 0.0,
    "HON": 0.006096712166051959,
    "UPS": 4.284959541332185e-14,
    "RTX": 1.2271482063381915e-13,
    "CAT": 2.430260378731784e-13,
    "DE": 2.022446815651323e-14,
    "ETN": 0.0,
    "GE": 1.880193401013408e-13,
    "LMT": 1.6927401707661695e-13,
    "NOC": 1.9187471446247332e-13,
    "GD": 5.1836652505328746e-14,
    "BA": 2.2728130650272224e-13,
    "MMM": 0.0,
    "EMR": 6.560985316069668e-14,
    "ITW": 0.0,
    "ROK": 1.533588006278681e-13,
    "PH": 1.8691014316747311e-13,
    "DOV": 3.8645539535913053e-14,
    "FAST": 1.0889720029000974e-13,
    "SWK": 0.0,
    "SNA": 1.3277489270761967e-13,
    "GNRC": 0.0,
    "XYL": 0.0,
    "ROP": 0.0,
    "FDX": 2.0180870730837854e-13,
    "NSC": 2.2737121394983184e-13,
    "UNP": 3.8154967166671146e-14,
    "CSX": 0.0010117978295814,
    "JBHT": 0.007003630393623735,
    "ODFL": 1.3687725164585786e-13,
    "EXPD": 8.562538325275504e-14,
    "CHRW": 0.002815542752266837,
    "GWW": 0.0,
    "URI": 0.0,
    "PCAR": 2.948378998919012e-15,
    "CTAS": 1.4730622248588763e-14,
    "VRSK": 4.458993962788762e-15,
    "RSG": 2.023447301981349e-13,
    "WM": 0.0010086244206023646,
    "AXON": 5.552694340481253e-14,
    "HII": 7.38583897436058e-14,
    "TXT": 3.274607248332931e-14,
    "HWM": 0.01631641831088928,
    "CVX": 0.0027299725390339683,
    "COP": 0.0,
    "EOG": 5.907173840813748e-15,
    "MPC": 0.0,
    "VLO": 0.013595939978478667,
    "PSX": 6.229898321717738e-14,
    "DVN": 0.0,
    "OXY": 0.0,
    "SLB": 2.1747702839314192e-14,
    "HAL": 7.420350329674798e-15,
    "BKR": 2.2677358922437975e-14,
    "CTRA": 8.437507180135015e-14,
    "EQT": 6.042709474968569e-14,