{
  "timestamp": "2026-04-22T21:35:12.770766Z",
  "total_value": 100000.0,
  "weights": {
    "SPY": 6.9332831891888395e-15,
    "QQQ": 4.210366160158091e-15,
    "IWM": 0.0,
    "DIA": 3.5725098116524295e-15,
    "MDY": 1.7028806897682826e-15,
    "VTI": 3.2526089993459294e-15,
    "VOO": 4.406201570100205e-15,
    "VTV": 4.672943883917375e-15,
    "VUG": 4.77632328284596e-15,
    "VNQ": 3.9771336281053795e-15,
    "XLK": 2.9628488705530986e-15,
    "XLF": 3.418309303706381e-15,
    "XLV": 3.4757279874299797e-15,
    "XLE": 6.5566297926786484e-15,
    "XLY": 2.69277259346036e-15,
    "XLP": 5.529376857509984e-15,
    "XLI": 4.338214490273759e-15,
    "XLB": 3.619482825327855e-15,
    "XLU": 6.368474025766896e-15,
    "XLRE": 5.159379685377213e-15,
    "XLC": 5.556764340810455e-15,
    "GDX": 6.500790901916884e-15,
    "GLD": 7.71472623726192e-15,
    "SLV": 3.533258270183639e-15,
    "USO": 0.08767100573358229,
    "UNG": 3.598992741564342e-15,
    "TLT": 7.983469590242802e-15,
    "IEF": 0.08432206265586714,
    "SHY": 9.712548428261093e-15,
    "HYG": 7.902337305644221e-15,
    "LQD": 8.108826581103539e-15,
    "BND": 9.186683888063658e-15,
    "AGG": 9.66922660837867e-15,
    "AAPL": 7.0981951491708355e-15,
    "MSFT": 6.5407892640767145e-15,
    "NVDA": 0.022338166478954105,
    "GOOGL": 0.07428150631613353,
    "GOOG": 0.0,
    "META": 4.315876175370111e-15,
    "AMZN": 4.729813713579724e-15,
    "TSLA": 0.0,
    "BRK-B": 4.524715111893287e-15,
    "AMD": 3.663900383372198e-15,
    "AVGO": 0.0032563431723470126,
    "ORCL": 0.0,
    "INTC": 3.162478188571985e-14,
    "QCOM": 0.0,
    "TXN": 4.298857772381814e-15,
    "MU": 0.03658596431176222,
    "ADI": 6.70059671281797e-15,
    "AMAT": 3.5167455906617105e-15,
    "LRCX": 0.008881480192200569,
    "KLAC": 2.1569931326057695e-15,
    "ASML": 3.3769354266144307e-15,
    "TSM": 4.685827589325001e-15,
    "MCHP": 3.736768099323152e-16,
    "MPWR": 2.3927922119228165e-15,
    "ENPH": 0.0,
    "FSLR": 0.0,
    "SEDG": 1.1264187723102609e-15,
    "RUN": 0.0,
    "PLUG": 1.9580470171931537e-15,
    "CRM": 4.542121332207166e-16,
    "ADBE": 8.197297244995954e-16,
    "NOW": 0.0,
    "INTU": 2.7401055904688424e-15,
    "CDNS": 0.0,
    "SNPS": 0.0,
    "CTSH": 3.418835583060136e-16,
    "EPAM": 0.0,
    "PLTR": 0.0,
    "CRWD": 2.6003219500602247e-16,
    "NET": 5.683015050111377e-15,
    "SNOW": 2.6437048866542913e-15,
    "DDOG": 4.2412415055252236e-15,
    "PANW": 1.7240103857430534e-15,
    "ZS": 0.0,
    "FTNT": 0.0,
    "OKTA": 0.0,
    "TWLO": 0.015588981782742399,
    "MDB": 3.4421081819026774e-15,
    "HUBS": 0.0,
    "VEEV": 0.0,
    "WDAY": 0.0,
    "ZM": 4.476658715528203e-15,
    "DOCU": 0.0,
    "DT": 8.352304302949139e-16,
    "AI": 0.0,
    "JPM": 4.6092797414926415e-15,
    "BAC": 6.380952837707381e-15,
    "GS": 7.39647489173275e-15,
    "MS": 5.892035588576468e-15,
    "V": 3.105841805152147e-15,
    "MA": 4.199108075049716e-15,
    "C": 0.04589625076496519,
    "WFC": 1.987665252819398e-15,
    "AXP": 5.1435422872636115e-15,
    "BLK": 2.754796619269647e-16,
    "SCHW": 5.8461862902465525e-15,
    "CB": 0.03908413135887969,
    "AON": 6.881114154146794e-15,
    "TRV": 9.691646266759774e-15,
    "PGR": 6.060846633347039e-15,
    "ALL": 0.018412510648867658,
    "MET": 1.2008427681881882e-15,
    "PRU": 0.0,
    "HIG": 8.607410106720926e-15,
    "SOFI": 0.0,
    "AFRM": 4.13346611626342e-15,
    "UPST": 0.0,
    "NU": 0.0,
    "COIN": 0.0,
    "HOOD": 0.0,
    "PYPL": 0.0,
    "JNJ": 0.08767100573358229,
    "UNH": 0.0,
    "LLY": 2.027218048015754e-15,
    "ABBV": 4.124365364081294e-15,
    "PFE": 4.0394505379156635e-15,
    "MRK": 7.88660949829735e-15,
    "TMO": 0.0,
    "DHR": 0.0,
    "ABT": 0.0,
    "AMGN": 4.608161124970943e-15,
    "GILD": 2.7617907311050523e-15,
    "BIIB": 6.015890552581583e-15,
    "REGN": 3.804282514176741e-15,
    "VRTX": 0.0,
    "ISRG": 1.6611538458921943e-15,
    "SYK": 2.811379270447411e-15,
    "BSX": 0.0,
    "MDT": 1.4499088068666616e-15,
    "MRNA": 0.0,
    "BNTX": 0.0,
    "NVAX": 0.0,
    "CVS": 8.623439638760144e-15,
    "HUM": 0.0,
    "ELV": 0.0,
    "CNC": 0.0,
    "CI": 1.3174089839158703e-15,
    "XOM": 8.374347389758184e-15,
    "CVX": 8.925460806035607e-15,
    "COP": 2.7818645616015878e-15,
    "SLB": 2.7897428862703253e-15,
    "EOG": 3.748381046759514e-15,
    "MPC": 6.1080870375214645e-15,
    "VLO": 0.032003687630845046,
    "PSX": 4.397718668162844e-15,
    "OXY": 3.943263851916828e-15,
    "HAL": 5.266836760861214e-15,
    "BKR": 5.843200662818279e-15,
    "DVN": 3.9726257848415675e-15,
    "FANG": 3.0818860754852378e-15,
    "APA": 0.002652072152563419,
    "BP": 8.455561106715993e-15,
    "SHEL": 4.94147022169538e-15,
    "TTE": 0.01355540443487781,
    "ENB": 0.03166963436744707,
    "HD": 3.2218816537743637e-16,
    "WMT": 0.07782216781409111,
    "COST": 6.976001176439985e-15,
    "MCD": 6.7056486167729506e-15,
    "NKE": 0.0,
    "SBUX": 1.1374136794244364e-15,
    "TGT": 7.538000604019715e-15,
    "LOW": 2.959519508529719e-15,
    "BKNG": 4.9338504924262034e-15,
    "ABNB": 4.128334899836384e-15,
    "TJX": 9.577672369400768e-15,
    "ROST": 9.783444419014683e-15,
    "DLTR": 4.34881024228019e-15,
    "DG": 9.184932964690078e-15,
    "YUM": 8.007660320514939e-15,
    "CMG": 0.0,
    "DPZ": 0.0,
    "QSR": 9.55311504939985e-15,
    "GM": 0.007964485166119696,
    "F": 3.554606793588196e-15,
    "RIVN": 0.0,
    "LCID": 0.0,
    "NIO": 8.246397883007317e-15,
    "XPEV": 0.0,
    "LI": 0.0,
    "PG": 5.250569980731835e-15,
    "KO": 8.935221788268095e-15,
    "PEP": 5.827307570537091e-15,
    "PM": 8.087460272722633e-15,
    "MO": 0.08525913384062139,
    "CL": 5.026649267077382e-15,
    "EL": 0.0,
    "CHD": 3.4102439237452056e-15,
    "CLX": 0.0,
    "GIS": 0.0,
    "GE": 5.007719335569095e-15,
    "CAT": 0.02036187941910435,
    "DE": 5.2675416773857545e-15,
    "HON": 5.1290402740758875e-15,
    "UNP": 4.329838529255494e-15,
    "UPS": 4.028996545425888e-15,
    "FDX": 6.707155066522374e-15,
    "LMT": 6.969058202850897e-15,
    "RTX": 6.35766965386429e-15,
    "NOC": 6.390122701828311e-15,
    "GD": 3.896452976012031e-15,
    "BA": 4.70318148928622e-15,
    "MMM": 1.1822528430391526e-15,
    "EMR": 6.959106632220446e-16,
    "ETN": 3.698036748849114e-16,
    "PH": 7.44927796938139e-15,
    "ROK": 5.445022616930298e-15,
    "ITW": 2.6165329309536254e-15,
    "IR": 0.0,
    "DOV": 3.609930447955158e-15,
    "WM": 8.523863296723024e-15,
    "LIN": 7.091327741453782e-15,
    "APD": 3.1344731507763563e-15,
    "SHW": 4.253317860597347e-15,
    "FCX": 0.0,
    "NEM": 0.0,
    "NUE": 0.0022235972698548823,
    "VMC": 4.5192381488061434e-15,
    "MLM": 6.692077013698113e-15,
    "ALB": 0.01022007665639884,
    "MOS": 0.0,
    "NEE": 8.946557349473813e-15,
    "DUK": 1.0326787907798396e-14,
    "SO": 9.411758065042238e-15,
    "D": 9.838664189589497e-15,
    "AEP": 0.013802420662011594,
    "EXC": 8.263626608975694e-15,
    "XEL": 7.463454077673176e-15,
    "WEC": 7.919657210188293e-15,
    "ES": 6.6809013246706576e-15,
    "ETR": 7.630556922493995e-15,
    "AWK": 1.0377748999823567e-14,
    "O": 8.027035699811158e-15,
    "SPG": 8.06550291760903e-15,
    "PLD": 6.109650473155043e-15,
    "AMT": 5.7582249375687865e-15,
    "CCI": 1.6855663113928623e-15,
    "EQIX": 8.713243348931264e-15,
    "DLR": 4.532848145762528e-15,
    "PSA": 2.5192838263182066e-15,
    "EQR": 2.8731641190389595e-15,
    "AVB": 0.0,
    "NFLX": 5.1389205509450784e-15,
    "DIS": 4.0683627590123114e-15,
    "CMCSA": 6.465242322557954e-15,
    "T": 0.015712385484339036,
    "VZ": 0.01376412103634912,
    "TMUS": 7.732052826280502e-15,
    "CHTR": 0.0,
    "WBD": 0.03708658641085483,
    "EWJ": 2.9454676706360575e-15,
    "EWG": 3.169447467875327e-15,
    "EWQ": 2.756563409086135e-15,
    "EWU": 5.651514585676291e-15,
    "EWL": 6.416550601907842e-15,
    "EWI": 6.182416510545153e-15,
    "EWP": 7.517732024780191e-15,
    "EWN": 3.8081577995914706e-15,