{
  "timestamp": "2026-04-23T21:30:03.576383Z",
  "total_value": 100000.0,
  "weights": {
    "SPY": 3.517840407070397e-15,
    "QQQ": 2.262332342911422e-15,
    "IWM": 5.903300989452128e-16,
    "DIA": 2.9339325088297034e-15,
    "MDY": 1.4644401287024478e-15,
    "VTI": 2.42846988843689e-15,
    "VOO": 2.5970958299319543e-15,
    "VTV": 3.1522964892710024e-15,
    "VUG": 2.1627625035042515e-15,
    "VNQ": 2.8881429523812854e-15,
    "XLK": 1.7526038888746016e-15,
    "XLF": 2.361405757921722e-15,
    "XLV": 1.4787670209140312e-15,
    "XLE": 4.0399182521993875e-15,
    "XLY": 1.3329589603857927e-15,
    "XLP": 3.646096711862668e-15,
    "XLI": 2.7375498646900866e-15,
    "XLB": 2.1969583473461256e-15,
    "XLU": 4.161003080093127e-15,
    "XLRE": 2.999136565142879e-15,
    "XLC": 3.054525663480998e-15,
    "GDX": 4.322602029262902e-15,
    "GLD": 4.092621338453021e-15,
    "SLV": 2.4169677315320964e-15,
    "USO": 0.08968552291304546,
    "UNG": 2.2695570288983343e-15,
    "TLT": 5.212001553965741e-15,
    "IEF": 0.0497553813326769,
    "SHY": 5.292126201811437e-15,
    "HYG": 4.2863866455463915e-15,
    "LQD": 4.73402796644745e-15,
    "BND": 5.1443217103112266e-15,
    "AGG": 5.215394388344265e-15,
    "AAPL": 3.777098405764767e-15,
    "MSFT": 3.098033033252326e-15,
    "NVDA": 0.022110525678439033,
    "GOOGL": 0.07704142421853705,
    "GOOG": 3.794424157862117e-12,
    "META": 2.127595756205693e-15,
    "AMZN": 1.8967182063638783e-15,
    "TSLA": 6.072974527822681e-15,
    "BRK-B": 2.829082966301524e-15,
    "AMD": 1.948551617215065e-15,
    "AVGO": 0.0030434595593316475,
    "ORCL": 6.109091071915686e-15,
    "INTC": 5.0719182629445993e-14,
    "QCOM": 1.2820275550070201e-14,
    "TXN": 2.7965829771851885e-15,
    "MU": 0.039028880585459814,
    "ADI": 4.14929647576047e-15,
    "AMAT": 2.485455733417964e-15,
    "LRCX": 0.0036494029567791953,
    "KLAC": 1.864819465322676e-15,
    "ASML": 2.1817539607691458e-15,
    "TSM": 2.7417781733351936e-15,
    "MCHP": 7.455003543098505e-16,
    "MPWR": 1.5078948155365174e-15,
    "ENPH": 2.178146550066203e-14,
    "FSLR": 5.0917503965810964e-15,
    "SEDG": 3.222761074722682e-14,
    "RUN": 1.6108408814367643e-14,
    "PLUG": 7.031475388005156e-16,
    "CRM": 1.913162037998425e-15,
    "ADBE": 3.175133535563562e-16,
    "NOW": 1.1664655872472357e-14,
    "INTU": 1.0612773013225551e-15,
    "CDNS": 1.487010697648811e-15,
    "SNPS": 3.5379256292702905e-15,
    "CTSH": 2.3637826414589243e-16,
    "EPAM": 5.5175003417719324e-15,
    "PLTR": 8.338707913726467e-15,
    "CRWD": 5.300609461149962e-16,
    "NET": 3.312559123117729e-15,
    "SNOW": 1.008166474191611e-15,
    "DDOG": 1.9756603000226216e-15,
    "PANW": 6.36672515753311e-16,
    "ZS": 2.9487714954740744e-15,
    "FTNT": 2.0156001293670305e-15,
    "OKTA": 4.207989662562305e-15,
    "TWLO": 0.010901813025818751,
    "MDB": 1.4995020155081775e-15,
    "HUBS": 2.1604345008117153e-14,
    "VEEV": 2.9495723737363307e-15,
    "WDAY": 5.7635516806569634e-15,
    "ZM": 2.575081176116879e-15,
    "DOCU": 9.46600798774072e-15,
    "DT": 1.6643463717166526e-15,
    "AI": 5.215091533584236e-14,
    "JPM": 2.7985677675505203e-15,
    "BAC": 3.4868958056590364e-15,
    "GS": 3.964510569095388e-15,
    "MS": 3.2343695836636347e-15,
    "V": 1.9040947940797425e-15,
    "MA": 2.5460838896978294e-15,
    "C": 0.04928568329260169,
    "WFC": 1.302104934222355e-15,
    "AXP": 2.5448203446838377e-15,
    "BLK": 5.330050878867143e-16,
    "SCHW": 3.1283843505888296e-15,
    "CB": 0.04944015858673348,
    "AON": 3.966272708554026e-15,
    "TRV": 5.564907163486636e-15,
    "PGR": 3.549686927679462e-15,
    "ALL": 0.01686966558484725,
    "MET": 5.276053065707561e-16,
    "PRU": 4.430104419210907e-16,
    "HIG": 5.297853083856642e-15,
    "SOFI": 6.5032315379073606e-15,
    "AFRM": 1.251788365475905e-15,
    "UPST": 2.8654910985855606e-14,
    "NU": 4.234231790709688e-15,
    "COIN": 2.9069633039091194e-14,
    "HOOD": 7.79571421868056e-15,
    "PYPL": 4.276229899345843e-15,
    "JNJ": 0.08968552291304546,
    "UNH": 3.719626782362275e-15,
    "LLY": 1.1395436253333713e-15,
    "ABBV": 2.71236192860873e-15,
    "PFE": 2.734136708662818e-15,
    "MRK": 4.698605885041314e-15,
    "TMO": 6.235631766088291e-16,
    "DHR": 5.56851430738864e-15,
    "ABT": 2.625002021134585e-16,
    "AMGN": 2.9499785063326635e-15,
    "GILD": 2.3507315653373622e-15,
    "BIIB": 3.709543701496649e-15,
    "REGN": 2.4452948938555382e-15,
    "VRTX": 5.399825254248913e-15,
    "ISRG": 6.652713678147535e-16,
    "SYK": 1.6297349519761268e-15,
    "BSX": 7.990651932181303e-15,
    "MDT": 7.290538428389029e-16,
    "MRNA": 1.379666490026308e-14,
    "BNTX": 1.7182282838875824e-14,
    "NVAX": 2.425773381565807e-14,
    "CVS": 5.124651739424345e-15,
    "HUM": 2.587199945590536e-15,
    "ELV": 3.7868102539043705e-15,
    "CNC": 8.985825804810823e-15,
    "CI": 6.004404003535245e-16,
    "XOM": 4.8671330440734735e-15,
    "CVX": 5.458874594920871e-15,
    "COP": 1.9226465879437327e-15,
    "SLB": 1.7347389456146243e-15,
    "EOG": 2.4437850682814053e-15,
    "MPC": 4.0768230617520704e-15,
    "VLO": 0.03902337062908301,
    "PSX": 3.089961622125983e-15,
    "OXY": 2.889946813002964e-15,
    "HAL": 3.4628315228502704e-15,
    "BKR": 3.896285090089391e-15,
    "DVN": 2.7044608000456877e-15,
    "FANG": 2.598846969893e-15,
    "APA": 8.875202783977003e-13,
    "BP": 5.205997507342085e-15,
    "SHEL": 3.334123575392062e-15,
    "TTE": 0.012911473234308706,
    "ENB": 0.019940210758902847,
    "HD": 5.971993517457826e-16,
    "WMT": 0.08155494598487381,
    "COST": 4.463632132062598e-15,
    "MCD": 3.7275366607492234e-15,
    "NKE": 6.416544450212375e-15,
    "SBUX": 1.2236665821554783e-15,
    "TGT": 3.4470940437484547e-15,
    "LOW": 1.7885362150748207e-15,
    "BKNG": 2.2728712795656342e-15,
    "ABNB": 1.897980544698649e-15,
    "TJX": 5.3047079986837546e-15,
    "ROST": 5.424765466047251e-15,
    "DLTR": 2.8654423390737896e-15,
    "DG": 5.472995235785442e-15,
    "YUM": 4.730768551179422e-15,
    "CMG": 9.017473256107563e-15,
    "DPZ": 1.697841619083892e-15,
    "QSR": 6.095649454516558e-15,
    "GM": 0.007621418402695676,
    "F": 1.7548314684640278e-15,
    "RIVN": 1.9619581382926174e-15,
    "LCID": 5.950772577396233e-14,
    "NIO": 3.933503656918847e-15,
    "XPEV": 1.4711427007722894e-14,
    "LI": 5.070221983173872e-15,
    "PG": 3.4564640432330015e-15,
    "KO": 5.5107707869066556e-15,
    "PEP": 4.247549384387699e-15,
    "PM": 4.950084166369685e-15,
    "MO": 0.08740978288442797,
    "CL": 3.0388686365863988e-15,
    "EL": 6.876783524749361e-15,
    "CHD": 2.3310488480513756e-15,
    "CLX": 4.419181214585383e-15,
    "GIS": 9.840569709207925e-17,
    "GE": 2.9015842995496966e-15,
    "CAT": 0.020722066067827435,
    "DE": 3.2540284569871805e-15,
    "HON": 3.0966497905934727e-15,
    "UNP": 3.255723751501997e-15,
    "UPS": 2.2105912873648942e-15,
    "FDX": 5.3382791444326715e-15,
    "LMT": 3.902930129948037e-15,
    "RTX": 4.101254639532753e-15,
    "NOC": 4.1474184080692875e-15,
    "GD": 2.1763639462313237e-15,
    "BA": 2.5518246969780065e-15,
    "MMM": 3.991435536369394e-16,
    "EMR": 6.643316124302765e-16,
    "ETN": 2.0445042872948404e-16,
    "PH": 4.186899044424642e-15,
    "ROK": 3.3163366028753353e-15,
    "ITW": 1.8812410077918888e-15,
    "IR": 4.671505190642187e-15,
    "DOV": 2.3064626004542714e-15,
    "WM": 5.417490314269121e-15,
    "LIN": 4.396184392887028e-15,
    "APD": 2.461090277937268e-15,
    "SHW": 2.3886789448338156e-15,
    "FCX": 3.25513759964247e-15,
    "NEM": 4.68424296464496e-15,
    "NUE": 5.289348463844092e-15,
    "VMC": 2.6860716826762157e-15,
    "MLM": 3.8080301479155404e-15,
    "ALB": 0.009973077245967596,
    "MOS": 9.28511217585976e-15,
    "NEE": 5.181423990650917e-15,
    "DUK": 5.753030513568969e-15,
    "SO": 5.023956961967534e-15,
    "D": 5.80038268850302e-15,
    "AEP": 0.023453317085915863,
    "EXC": 4.764776289202404e-15,