{
  "timestamp": "2026-04-23T14:08:46.497689Z",
  "total_value": 100000.0,
  "weights": {
    "SPY": 8.631866109010076e-15,
    "QQQ": 6.0886141066144e-15,
    "IWM": 9.92815772711828e-16,
    "DIA": 6.065193686035454e-15,
    "MDY": 3.1214420192046737e-15,
    "VTI": 6.406518576723245e-15,
    "VOO": 6.535372842921507e-15,
    "VTV": 6.024126262133283e-15,
    "VUG": 6.015773278673681e-15,
    "VNQ": 7.068047424581724e-15,
    "XLK": 5.612148633075309e-15,
    "XLF": 5.193884112925898e-15,
    "XLV": 3.181623612428788e-15,
    "XLE": 8.280774135398861e-15,
    "XLY": 3.0372990904313677e-15,
    "XLP": 7.904148464224302e-15,
    "XLI": 4.8982612810686815e-15,
    "XLB": 4.378209983802032e-15,
    "XLU": 9.472170703409635e-15,
    "XLRE": 6.492824962133046e-15,
    "XLC": 8.708719218310711e-15,
    "GDX": 9.188228212683027e-15,
    "GLD": 1.0235911440494718e-14,
    "SLV": 4.277741877928341e-15,
    "USO": 0.08764124683768501,
    "UNG": 3.8490011483809464e-15,
    "TLT": 1.2929575618571217e-14,
    "IEF": 0.08182802648454429,
    "SHY": 1.2707183700866514e-14,
    "HYG": 1.1183493418552191e-14,
    "LQD": 1.1777223158955829e-14,
    "BND": 1.3147869181089622e-14,
    "AGG": 1.3244198311786748e-14,
    "AAPL": 9.238438624757496e-15,
    "MSFT": 8.575771962855276e-15,
    "NVDA": 0.023621739783923183,
    "GOOGL": 0.07402500342533454,
    "GOOG": 2.1727283554136704e-05,
    "META": 5.160422138057731e-15,
    "AMZN": 6.000098417950681e-15,
    "TSLA": 6.682655043420472e-16,
    "BRK-B": 6.898114795952966e-15,
    "AMD": 6.304779814492916e-15,
    "AVGO": 0.0038499627125104124,
    "ORCL": 4.914407353082168e-16,
    "INTC": 1.3069934523814435e-07,
    "QCOM": 1.3199972479829062e-15,
    "TXN": 8.409975675393475e-15,
    "MU": 0.03489435364742226,
    "ADI": 1.757801979330248e-07,
    "AMAT": 5.8799580833786295e-15,
    "LRCX": 0.009945434622633887,
    "KLAC": 3.883720825244729e-15,
    "ASML": 5.514020292683697e-15,
    "TSM": 6.838502136398271e-15,
    "MCHP": 1.5547573852680805e-15,
    "MPWR": 4.2677571164744704e-15,
    "ENPH": 2.310998685899881e-15,
    "FSLR": 4.2855221796425537e-16,
    "SEDG": 3.6083964950395477e-16,
    "RUN": 1.3126474952388566e-15,
    "PLUG": 3.39728898109447e-15,
    "CRM": 3.74896695199659e-17,
    "ADBE": 1.6914671404760272e-15,
    "NOW": 8.075328852462041e-16,
    "INTU": 3.616795928357613e-15,
    "CDNS": 2.616251556483601e-16,
    "SNPS": 4.2063573500851314e-16,
    "CTSH": 5.575824748634822e-17,
    "EPAM": 5.223365769407346e-16,
    "PLTR": 7.044100687540536e-16,
    "CRWD": 7.052751659577518e-17,
    "NET": 8.556050760353652e-15,
    "SNOW": 1.3182409138156034e-15,
    "DDOG": 5.373168843062227e-15,
    "PANW": 1.4280732717652413e-15,
    "ZS": 1.7145061148229794e-16,
    "FTNT": 3.0770426275166677e-16,
    "OKTA": 4.0381755077082175e-16,
    "TWLO": 0.013951051459199278,
    "MDB": 3.5863297779295415e-15,
    "HUBS": 2.05543717176949e-15,
    "VEEV": 2.463138189625455e-16,
    "WDAY": 2.992399767420019e-16,
    "ZM": 5.446612092082789e-15,
    "DOCU": 8.228302264592378e-16,
    "DT": 3.583149573371935e-16,
    "AI": 5.670718694658234e-15,
    "JPM": 6.691459109187547e-15,
    "BAC": 8.367606471183025e-15,
    "GS": 9.29693615451144e-15,
    "MS": 7.875810240710758e-15,
    "V": 4.246429709238647e-15,
    "MA": 5.909933966014101e-15,
    "C": 0.045039406649696065,
    "WFC": 3.010040695350894e-15,
    "AXP": 6.762836422064079e-15,
    "BLK": 5.422076246859762e-17,
    "SCHW": 7.651108474339529e-15,
    "CB": 0.0394954946187946,
    "AON": 9.583823579576358e-15,
    "TRV": 1.2519334967222638e-14,
    "PGR": 8.437736596109002e-15,
    "ALL": 0.01784770472481722,
    "MET": 1.2714844125990434e-15,
    "PRU": 1.2609596676921578e-16,
    "HIG": 1.2130473972518056e-14,
    "SOFI": 5.537121460330245e-16,
    "AFRM": 5.6035170461167436e-15,
    "UPST": 2.9288164659169056e-15,
    "NU": 4.437049451447782e-16,
    "COIN": 2.8132975370173436e-15,
    "HOOD": 4.755570607488885e-16,
    "PYPL": 2.3070061946292355e-16,
    "JNJ": 0.08764124683768501,
    "UNH": 4.566949693954241e-16,
    "LLY": 2.4782282690269175e-15,
    "ABBV": 6.293849739244655e-15,
    "PFE": 5.44294923645245e-15,
    "MRK": 1.0086645038559814e-14,
    "TMO": 2.73073732488851e-16,
    "DHR": 8.436241016990787e-16,
    "ABT": 1.6633501084814205e-16,
    "AMGN": 6.160042764731852e-15,
    "GILD": 4.309850161762864e-15,
    "BIIB": 7.758528845375124e-15,
    "REGN": 5.322426519970225e-15,
    "VRTX": 7.856517032700947e-16,
    "ISRG": 2.855563931178543e-15,
    "SYK": 3.7217604294057904e-15,
    "BSX": 7.258169373751431e-16,
    "MDT": 1.3083936666303825e-15,
    "MRNA": 1.6494091732129802e-15,
    "BNTX": 1.7279023322053294e-15,
    "NVAX": 2.9673124119374026e-15,
    "CVS": 1.1456459031896967e-14,
    "HUM": 3.628056165907533e-16,
    "ELV": 4.690735313805406e-16,
    "CNC": 8.822569187535792e-16,
    "CI": 8.989349106460275e-16,
    "XOM": 1.029195820931794e-14,
    "CVX": 1.2355086115636159e-14,
    "COP": 3.046107327643458e-15,
    "SLB": 3.4901344044096376e-15,
    "EOG": 4.7852532582151805e-15,
    "MPC": 8.444844418528894e-15,
    "VLO": 0.030948895835603767,
    "PSX": 5.832361936386549e-15,
    "OXY": 5.2981925878052325e-15,
    "HAL": 7.090564460477093e-15,
    "BKR": 8.270383715191884e-15,
    "DVN": 4.8205153933169965e-15,
    "FANG": 4.011843475985182e-15,
    "APA": 0.002641203299159203,
    "BP": 1.0932018240391154e-14,
    "SHEL": 6.814689830367208e-15,
    "TTE": 0.01352480367726759,
    "ENB": 0.03223044975703234,
    "HD": 2.517007375961507e-16,
    "WMT": 0.07697053444791437,
    "COST": 9.853424131094294e-15,
    "MCD": 8.257331583433382e-15,
    "NKE": 7.337155707234161e-16,
    "SBUX": 2.300831075413726e-15,
    "TGT": 8.444435142615058e-15,
    "LOW": 2.982799270000002e-15,
    "BKNG": 6.823838492217232e-15,
    "ABNB": 4.97950842871221e-15,
    "TJX": 1.2459440572729696e-14,
    "ROST": 1.2207063122059583e-14,
    "DLTR": 5.227149357746305e-15,
    "DG": 1.1884749186345972e-14,
    "YUM": 1.1391882903890018e-14,
    "CMG": 8.890593676480844e-16,
    "DPZ": 2.315158944798062e-16,
    "QSR": 1.3335109387582989e-14,
    "GM": 0.00770377378069163,
    "F": 4.4360965138992214e-15,
    "RIVN": 2.051720168942578e-16,
    "LCID": 6.5521186795000175e-15,
    "NIO": 1.129989261375778e-14,
    "XPEV": 1.6687758582488874e-15,
    "LI": 5.016480448224069e-16,
    "PG": 6.8263154429366855e-15,
    "KO": 1.2040841872876274e-14,
    "PEP": 7.833541027307261e-15,
    "PM": 1.1248728693484944e-14,
    "MO": 0.08573210384261926,
    "CL": 6.33870707543839e-15,
    "EL": 7.636559938082071e-16,
    "CHD": 4.382382421755435e-15,
    "CLX": 6.636448021989664e-16,
    "GIS": 9.035960586097141e-17,
    "GE": 6.69963557541439e-15,
    "CAT": 0.02349222802496489,
    "DE": 6.953135374151977e-15,
    "HON": 7.23872749987143e-15,
    "UNP": 6.395233737898677e-15,
    "UPS": 5.773615238963504e-15,
    "FDX": 1.232804049663307e-14,
    "LMT": 8.830325582615847e-15,
    "RTX": 8.839214972065829e-15,
    "NOC": 8.673579769700108e-15,
    "GD": 5.176248450980973e-15,
    "BA": 6.358768276735188e-15,
    "MMM": 7.945929038065628e-16,
    "EMR": 1.3649036118056242e-15,
    "ETN": 6.649955693232812e-16,
    "PH": 9.795718520527506e-15,
    "ROK": 7.488617170828438e-15,
    "ITW": 3.675858794553434e-15,
    "IR": 5.395961726679484e-16,
    "DOV": 5.2386762944306665e-15,
    "WM": 1.2212586988280552e-14,
    "LIN": 9.867995143454142e-15,
    "APD": 4.117337610156622e-15,
    "SHW": 4.884879407310034e-15,
    "FCX": 4.588226634013934e-16,
    "NEM": 4.008551109662135e-07,
    "NUE": 8.840056913981193e-05,
    "VMC": 5.768412050623851e-15,
    "MLM": 9.064702885637909e-15,
    "ALB": 0.00995692343649455,
    "MOS": 1.111700622147193e-15,
    "NEE": 1.183116781580249e-14,
    "DUK": 1.3873000379463158e-14,
    "SO": 1.1545586685009603e-14,
    "D": 1.3109505976071715e-14,
    "AEP": 0.016227022441681373,
    "EXC": 1.1131757938937013e-14,
    "XEL": 1.0434709873324645e-14,