{
  "timestamp": "2026-05-05T07:15:02.354755+00:00",
  "source": "portfolio_constructor_v1.1.0",
  "method": "black_litterman_hrp",
  "n_assets": 50,
  "allocations": {
    "WM": 0.0245,
    "ELV": 0.023244,
    "XLP": 0.023204,
    "AMT": 0.023176,
    "BIDU": 0.023,
    "MA": 0.02299,
    "LRCX": 0.022905,
    "NTES": 0.0227,
    "HUM": 0.02232,
    "PGR": 0.021176,
    "DG": 0.021159,
    "COP": 0.021074,
    "ADI": 0.020998,
    "UNH": 0.020475,
    "LMT": 0.020383,
    "VRTX": 0.019754,
    "GOOGL": 0.019545,
    "CVX": 0.01949,
    "ADBE": 0.019456,
    "CDNS": 0.019432
  },
  "bl_returns": {
    "UNH": 0.032114,
    "ALL": 0.030048,
    "TSM": 0.033736,
    "ELV": 0.022196,
    "NET": 0.027259,
    "LRCX": 0.026682,
    "VRTX": 0.018717,
    "HUM": 0.021506,
    "ADI": 0.031134,
    "INTU": 0.034426,
    "GOOGL": 0.022736,
    "GOOG": 0.035913,
    "AMAT": 0.026876,
    "AWK": 0.0455,
    "GD": 0.037731,
    "TSLA": 0.031441,
    "CDNS": 0.020209,
    "DG": 0.028885,
    "VTI": 0.030482,
    "MPC": 0.031955
  },
  "hrp_weights": {
    "UNH": 0.021553,
    "ALL": 0.019779,
    "TSM": 0.017439,
    "ELV": 0.024467,
    "NET": 0.020421,
    "LRCX": 0.024111,
    "VRTX": 0.020794,
    "HUM": 0.023495,
    "ADI": 0.022103,
    "INTU": 0.01917,
    "GOOGL": 0.020574,
    "GOOG": 0.018105,
    "AMAT": 0.019685,
    "AWK": 0.017409,
    "GD": 0.01569,
    "TSLA": 0.018198,
    "CDNS": 0.020455,
    "DG": 0.022273,
    "VTI": 0.016288,
    "MPC": 0.017775
  },
  "metrics": {
    "sharpe": 1.8136,
    "volatility": 0.0312,
    "expected_return": 0.1066,
    "max_drawdown": -0.011,
    "target_sharpe": 2.0,
    "target_max_dd": 0.08,
    "sharpe_ok": false,
    "dd_ok": true
  },
  "constraints": {
    "max_position": 0.15,
    "cash_reserve": 0.05,
    "delta_limit": 0.2,
    "target_sharpe": 2.0,
    "max_drawdown": 0.08
  },
  "portfolio_ok": false,
  "cycle": 1
}