{
  "timestamp": "2026-04-23T09:59:27.464638Z",
  "total_value": 100000.0,
  "weights": {
    "SPY": 5.705527349660641e-15,
    "QQQ": 4.136683663199506e-15,
    "IWM": 9.686441889518341e-16,
    "DIA": 6.931168793885315e-15,
    "MDY": 3.3543087751658045e-15,
    "VTI": 5.7397477812240524e-15,
    "VOO": 6.355454794262426e-15,
    "VTV": 7.28150837747419e-15,
    "VUG": 5.1325610883625675e-15,
    "VNQ": 7.575546629631772e-15,
    "XLK": 4.0729875418873296e-15,
    "XLF": 5.544550293879395e-15,
    "XLV": 5.141788705538172e-15,
    "XLE": 9.720633764271375e-15,
    "XLY": 2.2166064582487503e-15,
    "XLP": 8.751878812136857e-15,
    "XLI": 5.853282889523664e-15,
    "XLB": 5.749940859298914e-15,
    "XLU": 1.0484494768263735e-14,
    "XLRE": 7.96123756553374e-15,
    "XLC": 8.480740233133527e-15,
    "GDX": 1.0737311112189027e-14,
    "GLD": 1.1482106656370203e-14,
    "SLV": 9.925342996807228e-15,
    "USO": 0.0901039150557942,
    "UNG": 5.020358309573992e-15,
    "TLT": 1.2445435061679477e-14,
    "IEF": 0.07683604818859432,
    "SHY": 1.2397415696195726e-14,
    "HYG": 1.0209293575220084e-14,
    "LQD": 1.1811594540634392e-14,
    "BND": 1.285316318290512e-14,
    "AGG": 1.2513439367284735e-14,
    "AAPL": 8.377264274220928e-15,
    "MSFT": 8.907340388100547e-15,
    "NVDA": 0.006658698868724125,
    "GOOGL": 0.08770353788449571,
    "GOOG": 2.2391028109085327e-11,
    "META": 4.311526190176351e-15,
    "AMZN": 5.296971392509949e-15,
    "TSLA": 2.9450882844031933e-14,
    "BRK-B": 6.614190454979026e-15,
    "AMD": 2.279196571569726e-15,
    "AVGO": 0.004882695717335246,
    "ORCL": 9.75039556165807e-15,
    "INTC": 2.2539224133757497e-13,
    "QCOM": 5.094934653234691e-14,
    "TXN": 3.2181742884940022e-15,
    "MU": 0.04212712686099194,
    "ADI": 8.696680498993694e-15,
    "AMAT": 2.970410940423003e-15,
    "LRCX": 0.0028287999963735816,
    "KLAC": 1.9228806483872943e-15,
    "ASML": 2.6015512118699605e-15,
    "TSM": 4.061573598481537e-15,
    "MCHP": 1.0914089052297124e-14,
    "MPWR": 6.028035096744683e-16,
    "ENPH": 7.848320113423298e-14,
    "FSLR": 2.5790288949212493e-14,
    "SEDG": 1.7609250204563462e-14,
    "RUN": 2.8705571464587735e-14,
    "PLUG": 2.1895332367560775e-15,
    "CRM": 3.974989881703093e-15,
    "ADBE": 1.7597862652127673e-15,
    "NOW": 2.955191104626567e-14,
    "INTU": 3.1322713282351837e-15,
    "CDNS": 4.354861240487855e-15,
    "SNPS": 2.4317524968449547e-14,
    "CTSH": 2.492942090493236e-15,
    "EPAM": 2.7644252694183104e-14,
    "PLTR": 2.681881449510255e-14,
    "CRWD": 2.6792914413807156e-15,
    "NET": 7.4979690899521e-15,
    "SNOW": 5.07979070025931e-15,
    "DDOG": 5.788676289394004e-15,
    "PANW": 4.018139523618565e-15,
    "ZS": 9.119637295577656e-15,
    "FTNT": 7.611325844338432e-15,
    "OKTA": 2.113875522538715e-14,
    "TWLO": 0.009462930561525654,
    "MDB": 3.83211080949458e-15,
    "HUBS": 8.6036008324902e-14,
    "VEEV": 8.360173924626476e-15,
    "WDAY": 1.8937459088719443e-14,
    "ZM": 7.827111349226889e-15,
    "DOCU": 3.726438002675071e-14,
    "DT": 7.33731457579058e-16,
    "AI": 2.2408722589329712e-13,
    "JPM": 7.792131869134607e-15,
    "BAC": 9.065709972994193e-15,
    "GS": 8.73573257949382e-15,
    "MS": 8.405740989899983e-15,
    "V": 4.877424146578519e-15,
    "MA": 6.2036558300670345e-15,
    "C": 0.06844821359853676,
    "WFC": 3.8567126640225736e-15,
    "AXP": 6.1819526979767766e-15,
    "BLK": 4.935733263787888e-16,
    "SCHW": 7.979184138395386e-15,
    "CB": 0.014549107390878458,
    "AON": 9.39093728040941e-15,
    "TRV": 1.3035609454966639e-14,
    "PGR": 9.512456456457308e-15,
    "ALL": 0.021500998041450305,
    "MET": 1.4663925567252028e-15,
    "PRU": 2.8753575386323332e-15,
    "HIG": 1.2709849748307348e-14,
    "SOFI": 1.8659172970972863e-14,
    "AFRM": 2.399934798982405e-15,
    "UPST": 1.20559648892796e-13,
    "NU": 2.145485160059279e-14,
    "COIN": 1.4377436620631677e-13,
    "HOOD": 3.897791050381031e-14,
    "PYPL": 1.6775554506931668e-14,
    "JNJ": 0.0901039150557942,
    "UNH": 9.45329572684785e-15,
    "LLY": 2.862301362787679e-15,
    "ABBV": 6.305182871652049e-15,
    "PFE": 7.254611484305054e-15,
    "MRK": 1.0154724985892345e-14,
    "TMO": 6.875335400319776e-16,
    "DHR": 2.2359159213797555e-14,
    "ABT": 3.65152815070838e-16,
    "AMGN": 6.481525383260435e-15,
    "GILD": 4.759747024490783e-15,
    "BIIB": 7.076695222270514e-15,
    "REGN": 4.605481631705719e-15,
    "VRTX": 2.883643840419904e-14,
    "ISRG": 2.53915100140069e-16,
    "SYK": 4.507528540700947e-15,
    "BSX": 3.942463507269906e-14,
    "MDT": 1.810420672111449e-15,
    "MRNA": 5.699886813013e-14,
    "BNTX": 6.839062394533334e-14,
    "NVAX": 9.657925913044618e-14,
    "CVS": 1.2825729125026082e-14,
    "HUM": 8.084381544432902e-15,
    "ELV": 1.6556030307783983e-14,
    "CNC": 3.636114144714636e-14,
    "CI": 2.721059779001324e-15,
    "XOM": 1.2501514004093077e-14,
    "CVX": 1.3671700068132323e-14,
    "COP": 4.887877489568916e-15,
    "SLB": 3.917444773000285e-15,
    "EOG": 6.1762830127092936e-15,
    "MPC": 9.949492440116681e-15,
    "VLO": 0.04131035708065028,
    "PSX": 7.785038696917177e-15,
    "OXY": 7.212565231635147e-15,
    "HAL": 7.789356607528917e-15,
    "BKR": 7.972627035836462e-15,
    "DVN": 5.9970728219784124e-15,
    "FANG": 6.057035357905211e-15,
    "APA": 0.0010768706009880715,
    "BP": 1.2758754254698662e-14,
    "SHEL": 8.502058583788983e-15,
    "TTE": 0.009674270519167149,
    "ENB": 0.028901324896081337,
    "HD": 2.475659981162956e-15,
    "WMT": 0.07734781511622049,
    "COST": 1.0953403372144685e-14,
    "MCD": 9.454757099351942e-15,
    "NKE": 2.819470755461463e-14,
    "SBUX": 3.3188665575093126e-15,
    "TGT": 8.229656274065936e-15,
    "LOW": 5.1415809646192366e-15,
    "BKNG": 4.959580245347801e-15,
    "ABNB": 4.660598184431446e-15,
    "TJX": 1.3415750305205969e-14,
    "ROST": 1.2524875165307255e-14,
    "DLTR": 7.103886573839128e-15,
    "DG": 2.3355246877004935e-13,
    "YUM": 1.1979543166720574e-14,
    "CMG": 2.894862119458166e-14,
    "DPZ": 7.154801753442303e-15,
    "QSR": 0.0017122376684004022,
    "GM": 9.205090024688359e-05,
    "F": 3.269126212696675e-15,
    "RIVN": 2.1077978286799358e-14,
    "LCID": 2.7079954411847646e-13,
    "NIO": 7.354909440956344e-15,
    "XPEV": 5.4506116134849364e-14,
    "LI": 3.463621620318189e-14,
    "PG": 8.23458521542543e-15,
    "KO": 1.2749905959349719e-14,
    "PEP": 9.926353773944344e-15,
    "PM": 1.1995036567532216e-14,
    "MO": 0.08272561403057303,
    "CL": 7.917715805115263e-15,
    "EL": 2.862395753973652e-14,
    "CHD": 6.126553986315799e-15,
    "CLX": 1.8463047740786707e-14,
    "GIS": 0.0,
    "GE": 6.21489435736914e-15,
    "CAT": 0.02408313027544993,
    "DE": 7.874550939675051e-15,
    "HON": 7.105891042359786e-15,
    "UNP": 6.6065479819223124e-15,
    "UPS": 3.734306713668027e-15,
    "FDX": 1.2152878561970331e-14,
    "LMT": 8.97519741551488e-15,
    "RTX": 9.227325609725958e-15,
    "NOC": 1.0930330656225907e-14,
    "GD": 6.151715433842102e-15,
    "BA": 4.759007372151195e-15,
    "MMM": 1.3709833603947904e-16,
    "EMR": 1.994743861081425e-15,
    "ETN": 1.4737975343294381e-15,
    "PH": 8.846264043869343e-15,
    "ROK": 7.990283277597786e-15,
    "ITW": 4.119413333825917e-15,
    "IR": 2.8949040905714734e-14,
    "DOV": 3.871706478592383e-15,
    "WM": 1.2981848968823315e-14,
    "LIN": 1.1051471806118095e-14,
    "APD": 7.80903510412851e-15,
    "SHW": 5.5821701202396454e-15,
    "FCX": 2.1163118465150313e-16,
    "NEM": 2.2962399758410455e-12,
    "NUE": 1.192781502827623e-14,
    "VMC": 6.660518256777314e-15,
    "MLM": 9.221366032436551e-15,
    "ALB": 0.011875978252012618,
    "MOS": 3.4069934062664074e-14,
    "NEE": 1.3048593881289577e-14,
    "DUK": 1.4255179319137517e-14,
    "SO": 1.2710104335836866e-14,
    "D": 1.3437395352568267e-14,
    "AEP": 0.020099759540940162,
    "EXC": 1.1340016103044988e-14,
    "XEL": 1.1739667374382918e-14,